UniqueID,playerID,award,year,lgID,pos
1,malonjo01,Art Ross,1917,NHL,n/a
2,cleghod01,Art Ross,1918,NHL,n/a
3,malonjo01,Art Ross,1919,NHL,n/a
4,lalonne01,Art Ross,1920,NHL,n/a
5,broadpu01,Art Ross,1921,NHL,n/a
6,dyeba01,Art Ross,1922,NHL,n/a
7,dennecy01,Art Ross,1923,NHL,n/a
8,nighbfr01,Hart,1923,NHL,n/a
9,dyeba01,Art Ross,1924,NHL,n/a
10,burchbi01,Hart,1924,NHL,n/a
11,nighbfr01,Lady Byng,1924,NHL,n/a
12,stewane01,Art Ross,1925,NHL,n/a
13,stewane01,Hart,1925,NHL,n/a
14,nighbfr01,Lady Byng,1925,NHL,n/a
15,cookbi01,Art Ross,1926,NHL,n/a
16,gardihe01,Hart,1926,NHL,n/a
17,burchbi01,Lady Byng,1926,NHL,n/a
18,hainsge01,Vezina,1926,NHL,n/a
19,morenho01,Art Ross,1927,NHL,n/a
20,morenho01,Hart,1927,NHL,n/a
21,bouchfr01,Lady Byng,1927,NHL,n/a
22,hainsge01,Vezina,1927,NHL,n/a
23,baileac01,Art Ross,1928,NHL,n/a
24,wortero01,Hart,1928,NHL,n/a
25,bouchfr01,Lady Byng,1928,NHL,n/a
26,hainsge01,Vezina,1928,NHL,n/a
27,weilaco01,Art Ross,1929,NHL,n/a
28,stewane01,Hart,1929,NHL,n/a
29,bouchfr01,Lady Byng,1929,NHL,n/a
30,thompti01,Vezina,1929,NHL,n/a
31,morenho01,Art Ross,1930,NHL,n/a
32,clancki01,First Team All-Star,1930,NHL,D
33,cookbi01,First Team All-Star,1930,NHL,RW
34,gardich01,First Team All-Star,1930,NHL,G
35,joliaau01,First Team All-Star,1930,NHL,LW
36,morenho01,First Team All-Star,1930,NHL,C
37,shoreed01,First Team All-Star,1930,NHL,D
38,morenho01,Hart,1930,NHL,n/a
39,bouchfr01,Lady Byng,1930,NHL,n/a
40,bouchfr01,Second Team All-Star,1930,NHL,C
41,clappdi01,Second Team All-Star,1930,NHL,RW
42,cookbu01,Second Team All-Star,1930,NHL,LW
43,johnsch01,Second Team All-Star,1930,NHL,D
44,manthsy01,Second Team All-Star,1930,NHL,D
45,thompti01,Second Team All-Star,1930,NHL,G
46,wortero01,Vezina,1930,NHL,n/a
47,jacksbu01,Art Ross,1931,NHL,n/a
48,cookbi01,First Team All-Star,1931,NHL,RW
49,gardich01,First Team All-Star,1931,NHL,G
50,jacksbu01,First Team All-Star,1931,NHL,LW
51,johnsch01,First Team All-Star,1931,NHL,D
52,morenho01,First Team All-Star,1931,NHL,C
53,shoreed01,First Team All-Star,1931,NHL,D
54,morenho01,Hart,1931,NHL,n/a
55,primejo01,Lady Byng,1931,NHL,n/a
56,clancki01,Second Team All-Star,1931,NHL,D
57,conacch01,Second Team All-Star,1931,NHL,RW
58,joliaau01,Second Team All-Star,1931,NHL,LW
59,manthsy01,Second Team All-Star,1931,NHL,D
60,smithho01,Second Team All-Star,1931,NHL,C
61,wortero01,Second Team All-Star,1931,NHL,G
62,gardich01,Vezina,1931,NHL,n/a
63,cookbi01,Art Ross,1932,NHL,n/a
64,vossca01,Calder,1932,NHL,n/a
65,bouchfr01,First Team All-Star,1932,NHL,C
66,cookbi01,First Team All-Star,1932,NHL,RW
67,johnsch01,First Team All-Star,1932,NHL,D
68,northba01,First Team All-Star,1932,NHL,LW
69,roachjo01,First Team All-Star,1932,NHL,G
70,shoreed01,First Team All-Star,1932,NHL,D
71,shoreed01,Hart,1932,NHL,n/a
72,bouchfr01,Lady Byng,1932,NHL,n/a
73,clancki01,Second Team All-Star,1932,NHL,D
74,conacch01,Second Team All-Star,1932,NHL,RW
75,conacli01,Second Team All-Star,1932,NHL,D
76,gardich01,Second Team All-Star,1932,NHL,G
77,jacksbu01,Second Team All-Star,1932,NHL,LW
78,morenho01,Second Team All-Star,1932,NHL,C
79,thompti01,Vezina,1932,NHL,n/a
80,conacch01,Art Ross,1933,NHL,n/a
81,blincru01,Calder,1933,NHL,n/a
82,bouchfr01,First Team All-Star,1933,NHL,C
83,clancki01,First Team All-Star,1933,NHL,D
84,conacch01,First Team All-Star,1933,NHL,RW
85,conacli01,First Team All-Star,1933,NHL,D
86,gardich01,First Team All-Star,1933,NHL,G
87,jacksbu01,First Team All-Star,1933,NHL,LW
88,joliaau01,Hart,1933,NHL,n/a
89,bouchfr01,Lady Byng,1933,NHL,n/a
90,cookbi01,Second Team All-Star,1933,NHL,RW
91,johnsch01,Second Team All-Star,1933,NHL,D
92,joliaau01,Second Team All-Star,1933,NHL,LW
93,primejo01,Second Team All-Star,1933,NHL,C
94,shoreed01,Second Team All-Star,1933,NHL,D
95,wortero01,Second Team All-Star,1933,NHL,G
96,gardich01,Vezina,1933,NHL,n/a
97,conacch01,Art Ross,1934,NHL,n/a
98,schrisw01,Calder,1934,NHL,n/a
99,bouchfr01,First Team All-Star,1934,NHL,C
100,chabolo01,First Team All-Star,1934,NHL,G
101,conacch01,First Team All-Star,1934,NHL,RW
102,jacksbu01,First Team All-Star,1934,NHL,LW
103,seibeea01,First Team All-Star,1934,NHL,D
104,shoreed01,First Team All-Star,1934,NHL,D
105,shoreed01,Hart,1934,NHL,n/a
106,bouchfr01,Lady Byng,1934,NHL,n/a
107,clappdi01,Second Team All-Star,1934,NHL,RW
108,coultar01,Second Team All-Star,1934,NHL,D
109,joliaau01,Second Team All-Star,1934,NHL,LW
110,thompti01,Second Team All-Star,1934,NHL,G
111,weilaco01,Second Team All-Star,1934,NHL,C
112,wentwcy01,Second Team All-Star,1934,NHL,D
113,chabolo01,Vezina,1934,NHL,n/a
114,schrisw01,Art Ross,1935,NHL,n/a
115,karakmi01,Calder,1935,NHL,n/a
116,conacch01,First Team All-Star,1935,NHL,RW
117,schrisw01,First Team All-Star,1935,NHL,LW
118,shoreed01,First Team All-Star,1935,NHL,D
119,siebeba01,First Team All-Star,1935,NHL,D
120,smithho01,First Team All-Star,1935,NHL,C
121,thompti01,First Team All-Star,1935,NHL,G
122,shoreed01,Hart,1935,NHL,n/a
123,romnedo01,Lady Byng,1935,NHL,n/a
124,cudewi01,Second Team All-Star,1935,NHL,G
125,dilloce01,Second Team All-Star,1935,NHL,RW
126,goodfeb01,Second Team All-Star,1935,NHL,D
127,seibeea01,Second Team All-Star,1935,NHL,D
128,thomppa01,Second Team All-Star,1935,NHL,LW
129,thomsbi02,Second Team All-Star,1935,NHL,C
130,thompti01,Vezina,1935,NHL,n/a
131,schrisw01,Art Ross,1936,NHL,n/a
132,appssy01,Calder,1936,NHL,n/a
133,auriela01,First Team All-Star,1936,NHL,RW
134,barryma01,First Team All-Star,1936,NHL,C
135,goodfeb01,First Team All-Star,1936,NHL,D
136,jacksbu01,First Team All-Star,1936,NHL,LW
137,siebeba01,First Team All-Star,1936,NHL,D
138,smithno01,First Team All-Star,1936,NHL,G
139,siebeba01,Hart,1936,NHL,n/a
140,barryma01,Lady Byng,1936,NHL,n/a
141,chapmar01,Second Team All-Star,1936,NHL,C
142,conacli01,Second Team All-Star,1936,NHL,D
143,cudewi01,Second Team All-Star,1936,NHL,G
144,dilloce01,Second Team All-Star,1936,NHL,RW
145,schrisw01,Second Team All-Star,1936,NHL,LW
146,seibeea01,Second Team All-Star,1936,NHL,D
147,smithno01,Vezina,1936,NHL,n/a
148,drillgo01,Art Ross,1937,NHL,n/a
149,dahlscu01,Calder,1937,NHL,n/a
150,cowlebi01,First Team All-Star,1937,NHL,C
151,dilloce01,First Team All-Star,1937,NHL,RW
152,drillgo01,First Team All-Star,1937,NHL,RW
153,shoreed01,First Team All-Star,1937,NHL,D
154,siebeba01,First Team All-Star,1937,NHL,D
155,thomppa01,First Team All-Star,1937,NHL,LW
156,thompti01,First Team All-Star,1937,NHL,G
157,shoreed01,Hart,1937,NHL,n/a
158,drillgo01,Lady Byng,1937,NHL,n/a
159,appssy01,Second Team All-Star,1937,NHL,C
160,blaketo01,Second Team All-Star,1937,NHL,LW
161,coultar01,Second Team All-Star,1937,NHL,D
162,kerrda01,Second Team All-Star,1937,NHL,G
163,seibeea01,Second Team All-Star,1937,NHL,D
164,thompti01,Vezina,1937,NHL,n/a
165,blaketo01,Art Ross,1938,NHL,n/a
166,brimsfr01,Calder,1938,NHL,n/a
167,appssy01,First Team All-Star,1938,NHL,C
168,blaketo01,First Team All-Star,1938,NHL,LW
169,brimsfr01,First Team All-Star,1938,NHL,G
170,clappdi01,First Team All-Star,1938,NHL,D
171,drillgo01,First Team All-Star,1938,NHL,RW
172,shoreed01,First Team All-Star,1938,NHL,D
173,blaketo01,Hart,1938,NHL,n/a
174,smithcl01,Lady Byng,1938,NHL,n/a
175,bauerbo01,Second Team All-Star,1938,NHL,RW
176,colvine01,Second Team All-Star,1938,NHL,C
177,coultar01,Second Team All-Star,1938,NHL,D
178,gottsjo01,Second Team All-Star,1938,NHL,LW
179,robinea01,Second Team All-Star,1938,NHL,G
180,seibeea01,Second Team All-Star,1938,NHL,D
181,brimsfr01,Vezina,1938,NHL,n/a
182,schmimi01,Art Ross,1939,NHL,n/a
183,macdoki01,Calder,1939,NHL,n/a
184,blaketo01,First Team All-Star,1939,NHL,LW
185,clappdi01,First Team All-Star,1939,NHL,D
186,goodfeb01,First Team All-Star,1939,NHL,D
187,hextabr01,First Team All-Star,1939,NHL,RW
188,kerrda01,First Team All-Star,1939,NHL,G
189,schmimi01,First Team All-Star,1939,NHL,C
190,goodfeb01,Hart,1939,NHL,n/a
191,bauerbo01,Lady Byng,1939,NHL,n/a
192,bauerbo01,Second Team All-Star,1939,NHL,RW
193,brimsfr01,Second Team All-Star,1939,NHL,G
194,colvine01,Second Team All-Star,1939,NHL,C
195,coultar01,Second Team All-Star,1939,NHL,D
196,dumarwo01,Second Team All-Star,1939,NHL,LW
197,seibeea01,Second Team All-Star,1939,NHL,D
198,kerrda01,Vezina,1939,NHL,n/a
199,cowlebi01,Art Ross,1940,NHL,n/a
200,quiltjo01,Calder,1940,NHL,n/a
201,brodatu01,First Team All-Star,1940,NHL,G
202,clappdi01,First Team All-Star,1940,NHL,D
203,cowlebi01,First Team All-Star,1940,NHL,C
204,hextabr01,First Team All-Star,1940,NHL,RW
205,schrisw01,First Team All-Star,1940,NHL,LW
206,stanowa01,First Team All-Star,1940,NHL,D
207,cowlebi01,Hart,1940,NHL,n/a
208,bauerbo01,Lady Byng,1940,NHL,n/a
209,appssy01,Second Team All-Star,1940,NHL,C
210,bauerbo01,Second Team All-Star,1940,NHL,RW
211,brimsfr01,Second Team All-Star,1940,NHL,G
212,dumarwo01,Second Team All-Star,1940,NHL,LW
213,helleot01,Second Team All-Star,1940,NHL,D
214,seibeea01,Second Team All-Star,1940,NHL,D
215,brodatu01,Vezina,1940,NHL,n/a
216,hextabr01,Art Ross,1941,NHL,n/a
217,warwigr01,Calder,1941,NHL,n/a
218,anderto01,First Team All-Star,1941,NHL,D
219,appssy01,First Team All-Star,1941,NHL,C
220,brimsfr01,First Team All-Star,1941,NHL,G
221,hextabr01,First Team All-Star,1941,NHL,RW
222,patrily01,First Team All-Star,1941,NHL,LW
223,seibeea01,First Team All-Star,1941,NHL,D
224,anderto01,Hart,1941,NHL,n/a
225,appssy01,Lady Byng,1941,NHL,n/a
226,abelsi01,Second Team All-Star,1941,NHL,LW
227,brodatu01,Second Team All-Star,1941,NHL,G
228,drillgo01,Second Team All-Star,1941,NHL,RW
229,eganpa01,Second Team All-Star,1941,NHL,D
230,mcdonbu01,Second Team All-Star,1941,NHL,D
231,watsoph01,Second Team All-Star,1941,NHL,C
232,brimsfr01,Vezina,1941,NHL,n/a
233,bentldo01,Art Ross,1942,NHL,n/a
234,stewaga01,Calder,1942,NHL,n/a
235,bentldo01,First Team All-Star,1942,NHL,LW
236,carrlo01,First Team All-Star,1942,NHL,RW
237,cowlebi01,First Team All-Star,1942,NHL,C
238,mowerjo01,First Team All-Star,1942,NHL,G
239,seibeea01,First Team All-Star,1942,NHL,D
240,stewaja01,First Team All-Star,1942,NHL,D
241,cowlebi01,Hart,1942,NHL,n/a
242,bentlma01,Lady Byng,1942,NHL,n/a
243,appssy01,Second Team All-Star,1942,NHL,C
244,brimsfr01,Second Team All-Star,1942,NHL,G
245,crawfja01,Second Team All-Star,1942,NHL,D
246,hextabr01,Second Team All-Star,1942,NHL,RW
247,hollefl01,Second Team All-Star,1942,NHL,D
248,patrily01,Second Team All-Star,1942,NHL,LW
249,mowerjo01,Vezina,1942,NHL,n/a
250,cainhe01,Art Ross,1943,NHL,n/a
251,bodnagu01,Calder,1943,NHL,n/a
252,bentldo01,First Team All-Star,1943,NHL,LW
253,carrlo01,First Team All-Star,1943,NHL,RW
254,cowlebi01,First Team All-Star,1943,NHL,C
255,durnabi01,First Team All-Star,1943,NHL,G
256,prattba01,First Team All-Star,1943,NHL,D
257,seibeea01,First Team All-Star,1943,NHL,D
258,prattba01,Hart,1943,NHL,n/a
259,smithcl01,Lady Byng,1943,NHL,n/a
260,bibeapa01,Second Team All-Star,1943,NHL,G
261,bouchbu01,Second Team All-Star,1943,NHL,D
262,cainhe01,Second Team All-Star,1943,NHL,LW
263,clappdi01,Second Team All-Star,1943,NHL,D
264,lachel01,Second Team All-Star,1943,NHL,C
265,richama01,Second Team All-Star,1943,NHL,RW
266,durnabi01,Vezina,1943,NHL,n/a
267,lachel01,Art Ross,1944,NHL,n/a
268,mccoofr01,Calder,1944,NHL,n/a
269,blaketo01,First Team All-Star,1944,NHL,LW
270,bouchbu01,First Team All-Star,1944,NHL,D
271,durnabi01,First Team All-Star,1944,NHL,G
272,hollefl01,First Team All-Star,1944,NHL,D
273,lachel01,First Team All-Star,1944,NHL,C
274,richama01,First Team All-Star,1944,NHL,RW
275,lachel01,Hart,1944,NHL,n/a
276,mosiebi01,Lady Byng,1944,NHL,n/a
277,cowlebi01,Second Team All-Star,1944,NHL,C
278,harmogl01,Second Team All-Star,1944,NHL,D
279,howesy01,Second Team All-Star,1944,NHL,LW
280,karakmi01,Second Team All-Star,1944,NHL,G
281,mosiebi01,Second Team All-Star,1944,NHL,RW
282,prattba01,Second Team All-Star,1944,NHL,D
283,durnabi01,Vezina,1944,NHL,n/a
284,bentlma01,Art Ross,1945,NHL,n/a
285,lapraed01,Calder,1945,NHL,n/a
286,bentlma01,First Team All-Star,1945,NHL,C
287,bouchbu01,First Team All-Star,1945,NHL,D
288,crawfja01,First Team All-Star,1945,NHL,D
289,durnabi01,First Team All-Star,1945,NHL,G
290,richama01,First Team All-Star,1945,NHL,RW
291,stewaga01,First Team All-Star,1945,NHL,LW
292,bentlma01,Hart,1945,NHL,n/a
293,blaketo01,Lady Byng,1945,NHL,n/a
294,blaketo01,Second Team All-Star,1945,NHL,LW
295,brimsfr01,Second Team All-Star,1945,NHL,G
296,lachel01,Second Team All-Star,1945,NHL,C
297,mosiebi01,Second Team All-Star,1945,NHL,RW
298,reardke01,Second Team All-Star,1945,NHL,D
299,stewaja01,Second Team All-Star,1945,NHL,D
300,durnabi01,Vezina,1945,NHL,n/a
301,bentlma01,Art Ross,1946,NHL,n/a
302,meekeho01,Calder,1946,NHL,n/a
303,bentldo01,First Team All-Star,1946,NHL,LW
304,bouchbu01,First Team All-Star,1946,NHL,D
305,durnabi01,First Team All-Star,1946,NHL,G
306,reardke01,First Team All-Star,1946,NHL,D
307,richama01,First Team All-Star,1946,NHL,RW
308,schmimi01,First Team All-Star,1946,NHL,C
309,richama01,Hart,1946,NHL,n/a
310,bauerbo01,Lady Byng,1946,NHL,n/a
311,bauerbo01,Second Team All-Star,1946,NHL,RW
312,bentlma01,Second Team All-Star,1946,NHL,C
313,brimsfr01,Second Team All-Star,1946,NHL,G
314,dumarwo01,Second Team All-Star,1946,NHL,LW
315,quackbi01,Second Team All-Star,1946,NHL,D
316,stewaja01,Second Team All-Star,1946,NHL,D
317,durnabi01,Vezina,1946,NHL,n/a
318,lachel01,Art Ross,1947,NHL,n/a
319,mcfadji01,Calder,1947,NHL,n/a
320,brodatu01,First Team All-Star,1947,NHL,G
321,lachel01,First Team All-Star,1947,NHL,C
322,lindste01,First Team All-Star,1947,NHL,LW
323,quackbi01,First Team All-Star,1947,NHL,D
324,richama01,First Team All-Star,1947,NHL,RW
325,stewaja01,First Team All-Star,1947,NHL,D
326,oconnbu01,Hart,1947,NHL,n/a
327,oconnbu01,Lady Byng,1947,NHL,n/a
328,brimsfr01,Second Team All-Star,1947,NHL,G
329,colvine01,Second Team All-Star,1947,NHL,D
330,oconnbu01,Second Team All-Star,1947,NHL,C
331,poilebu01,Second Team All-Star,1947,NHL,RW
332,reardke01,Second Team All-Star,1947,NHL,D
333,stewaga01,Second Team All-Star,1947,NHL,LW
334,brodatu01,Vezina,1947,NHL,n/a
335,conacro01,Art Ross,1948,NHL,n/a
336,lundpe01,Calder,1948,NHL,n/a
337,abelsi01,First Team All-Star,1948,NHL,C
338,conacro01,First Team All-Star,1948,NHL,LW
339,durnabi01,First Team All-Star,1948,NHL,G
340,quackbi01,First Team All-Star,1948,NHL,D
341,richama01,First Team All-Star,1948,NHL,RW
342,stewaja01,First Team All-Star,1948,NHL,D
343,abelsi01,Hart,1948,NHL,n/a
344,quackbi01,Lady Byng,1948,NHL,n/a
345,bentldo01,Second Team All-Star,1948,NHL,C
346,harmogl01,Second Team All-Star,1948,NHL,D
347,howego01,Second Team All-Star,1948,NHL,RW
348,lindste01,Second Team All-Star,1948,NHL,LW
349,raynech01,Second Team All-Star,1948,NHL,G
350,reardke01,Second Team All-Star,1948,NHL,D
351,durnabi01,Vezina,1948,NHL,n/a
352,lindste01,Art Ross,1949,NHL,n/a
353,gelinja01,Calder,1949,NHL,n/a
354,abelsi01,First Team All-Star,1949,NHL,C
355,durnabi01,First Team All-Star,1949,NHL,G
356,lindste01,First Team All-Star,1949,NHL,LW
357,mortsgu01,First Team All-Star,1949,NHL,D
358,reardke01,First Team All-Star,1949,NHL,D
359,richama01,First Team All-Star,1949,NHL,RW
360,raynech01,Hart,1949,NHL,n/a
361,lapraed01,Lady Byng,1949,NHL,n/a
362,howego01,Second Team All-Star,1949,NHL,RW
363,kellyre01,Second Team All-Star,1949,NHL,D
364,kennete01,Second Team All-Star,1949,NHL,C
365,leswito01,Second Team All-Star,1949,NHL,LW
366,raynech01,Second Team All-Star,1949,NHL,G
367,reisele02,Second Team All-Star,1949,NHL,D
368,durnabi01,Vezina,1949,NHL,n/a
369,howego01,Art Ross,1950,NHL,n/a
370,sawchte01,Calder,1950,NHL,n/a
371,howego01,First Team All-Star,1950,NHL,RW
372,kellyre01,First Team All-Star,1950,NHL,D
373,lindste01,First Team All-Star,1950,NHL,LW
374,quackbi01,First Team All-Star,1950,NHL,D
375,sawchte01,First Team All-Star,1950,NHL,G
376,schmimi01,First Team All-Star,1950,NHL,C
377,schmimi01,Hart,1950,NHL,n/a
378,kellyre01,Lady Byng,1950,NHL,n/a
379,abelsi01,Second Team All-Star,1950,NHL,C
380,kennete01,Second Team All-Star,1950,NHL,C
381,raynech01,Second Team All-Star,1950,NHL,G
382,reisele02,Second Team All-Star,1950,NHL,D
383,richama01,Second Team All-Star,1950,NHL,RW
384,smithsi01,Second Team All-Star,1950,NHL,LW
385,thomsji01,Second Team All-Star,1950,NHL,D
386,rollial01,Vezina,1950,NHL,n/a
387,howego01,Art Ross,1951,NHL,n/a
388,geoffbe01,Calder,1951,NHL,n/a
389,harvedo01,First Team All-Star,1951,NHL,D
390,howego01,First Team All-Star,1951,NHL,RW
391,kellyre01,First Team All-Star,1951,NHL,D
392,lachel01,First Team All-Star,1951,NHL,C
393,lindste01,First Team All-Star,1951,NHL,LW
394,sawchte01,First Team All-Star,1951,NHL,G
395,howego01,Hart,1951,NHL,n/a
396,smithsi01,Lady Byng,1951,NHL,n/a
397,bullehy01,Second Team All-Star,1951,NHL,D
398,henryji01,Second Team All-Star,1951,NHL,G
399,richama01,Second Team All-Star,1951,NHL,RW
400,schmimi01,Second Team All-Star,1951,NHL,C
401,smithsi01,Second Team All-Star,1951,NHL,LW
402,thomsji01,Second Team All-Star,1951,NHL,D
403,sawchte01,Vezina,1951,NHL,n/a
404,howego01,Art Ross,1952,NHL,n/a
405,worslgu01,Calder,1952,NHL,n/a
406,harvedo01,First Team All-Star,1952,NHL,D
407,howego01,First Team All-Star,1952,NHL,RW
408,kellyre01,First Team All-Star,1952,NHL,D
409,lindste01,First Team All-Star,1952,NHL,LW
410,mackefl01,First Team All-Star,1952,NHL,C
411,sawchte01,First Team All-Star,1952,NHL,G
412,howego01,Hart,1952,NHL,n/a
413,kellyre01,Lady Byng,1952,NHL,n/a
414,delveal01,Second Team All-Star,1952,NHL,C
415,gadsbbi01,Second Team All-Star,1952,NHL,D
416,mcneige01,Second Team All-Star,1952,NHL,G
417,olmstbe01,Second Team All-Star,1952,NHL,LW
418,quackbi01,Second Team All-Star,1952,NHL,D
419,richama01,Second Team All-Star,1952,NHL,RW
420,sawchte01,Vezina,1952,NHL,n/a
421,howego01,Art Ross,1953,NHL,n/a
422,henryca01,Calder,1953,NHL,n/a
423,harvedo01,First Team All-Star,1953,NHL,D
424,howego01,First Team All-Star,1953,NHL,RW
425,kellyre01,First Team All-Star,1953,NHL,D
426,lindste01,First Team All-Star,1953,NHL,LW
427,lumleha01,First Team All-Star,1953,NHL,G
428,mosdeke01,First Team All-Star,1953,NHL,C
429,rollial01,Hart,1953,NHL,n/a
430,kellyre01,Lady Byng,1953,NHL,n/a
431,kellyre01,Norris,1953,NHL,n/a
432,gadsbbi01,Second Team All-Star,1953,NHL,D
433,hortoti01,Second Team All-Star,1953,NHL,D
434,kennete01,Second Team All-Star,1953,NHL,C
435,richama01,Second Team All-Star,1953,NHL,RW
436,sandfed01,Second Team All-Star,1953,NHL,LW
437,sawchte01,Second Team All-Star,1953,NHL,G
438,lumleha01,Vezina,1953,NHL,n/a
439,geoffbe01,Art Ross,1954,NHL,n/a
440,litzeed01,Calder,1954,NHL,n/a
441,belivje01,First Team All-Star,1954,NHL,C
442,harvedo01,First Team All-Star,1954,NHL,D
443,kellyre01,First Team All-Star,1954,NHL,D
444,lumleha01,First Team All-Star,1954,NHL,G
445,richama01,First Team All-Star,1954,NHL,RW
446,smithsi01,First Team All-Star,1954,NHL,LW
447,kennete01,Hart,1954,NHL,n/a
448,smithsi01,Lady Byng,1954,NHL,n/a
449,harvedo01,Norris,1954,NHL,n/a
450,flamafe01,Second Team All-Star,1954,NHL,D
451,geoffbe01,Second Team All-Star,1954,NHL,RW
452,goldhbo01,Second Team All-Star,1954,NHL,D
453,lewicda01,Second Team All-Star,1954,NHL,LW
454,mosdeke01,Second Team All-Star,1954,NHL,C
455,sawchte01,Second Team All-Star,1954,NHL,G
456,sawchte01,Vezina,1954,NHL,n/a
457,belivje01,Art Ross,1955,NHL,n/a
458,hallgl01,Calder,1955,NHL,n/a
459,belivje01,First Team All-Star,1955,NHL,C
460,gadsbbi01,First Team All-Star,1955,NHL,D
461,harvedo01,First Team All-Star,1955,NHL,D
462,lindste01,First Team All-Star,1955,NHL,LW
463,plantja01,First Team All-Star,1955,NHL,G
464,richama01,First Team All-Star,1955,NHL,RW
465,belivje01,Hart,1955,NHL,n/a
466,reibedu01,Lady Byng,1955,NHL,n/a
467,harvedo01,Norris,1955,NHL,n/a
468,hallgl01,Second Team All-Star,1955,NHL,G
469,howego01,Second Team All-Star,1955,NHL,RW
470,johnsto01,Second Team All-Star,1955,NHL,D
471,kellyre01,Second Team All-Star,1955,NHL,D
472,olmstbe01,Second Team All-Star,1955,NHL,LW
473,sloanto01,Second Team All-Star,1955,NHL,C
474,plantja01,Vezina,1955,NHL,n/a
475,howego01,Art Ross,1956,NHL,n/a
476,reganla01,Calder,1956,NHL,n/a
477,belivje01,First Team All-Star,1956,NHL,C
478,hallgl01,First Team All-Star,1956,NHL,G
479,harvedo01,First Team All-Star,1956,NHL,D
480,howego01,First Team All-Star,1956,NHL,RW
481,kellyre01,First Team All-Star,1956,NHL,D
482,lindste01,First Team All-Star,1956,NHL,LW
483,howego01,Hart,1956,NHL,n/a
484,hebenan01,Lady Byng,1956,NHL,n/a
485,harvedo01,Norris,1956,NHL,n/a
486,chevrre01,Second Team All-Star,1956,NHL,LW
487,flamafe01,Second Team All-Star,1956,NHL,D
488,gadsbbi01,Second Team All-Star,1956,NHL,D
489,litzeed01,Second Team All-Star,1956,NHL,C
490,plantja01,Second Team All-Star,1956,NHL,G
491,richama01,Second Team All-Star,1956,NHL,RW
492,plantja01,Vezina,1956,NHL,n/a
493,mooredi01,Art Ross,1957,NHL,n/a
494,mahovfr01,Calder,1957,NHL,n/a
495,gadsbbi01,First Team All-Star,1957,NHL,D
496,hallgl01,First Team All-Star,1957,NHL,G
497,harvedo01,First Team All-Star,1957,NHL,D
498,howego01,First Team All-Star,1957,NHL,RW
499,mooredi01,First Team All-Star,1957,NHL,LW
500,richahe01,First Team All-Star,1957,NHL,C
501,howego01,Hart,1957,NHL,n/a
502,henryca01,Lady Byng,1957,NHL,n/a
503,harvedo01,Norris,1957,NHL,n/a
504,bathgan01,Second Team All-Star,1957,NHL,RW
505,belivje01,Second Team All-Star,1957,NHL,C
506,flamafe01,Second Team All-Star,1957,NHL,D
507,henryca01,Second Team All-Star,1957,NHL,LW
508,plantja01,Second Team All-Star,1957,NHL,G
509,pronoma01,Second Team All-Star,1957,NHL,D
510,plantja01,Vezina,1957,NHL,n/a
511,mooredi01,Art Ross,1958,NHL,n/a
512,backsra01,Calder,1958,NHL,n/a
513,bathgan01,First Team All-Star,1958,NHL,RW
514,belivje01,First Team All-Star,1958,NHL,C
515,gadsbbi01,First Team All-Star,1958,NHL,D
516,johnsto01,First Team All-Star,1958,NHL,D
517,mooredi01,First Team All-Star,1958,NHL,LW
518,plantja01,First Team All-Star,1958,NHL,G
519,bathgan01,Hart,1958,NHL,n/a
520,delveal01,Lady Byng,1958,NHL,n/a
521,johnsto01,Norris,1958,NHL,n/a
522,delveal01,Second Team All-Star,1958,NHL,LW
523,harvedo01,Second Team All-Star,1958,NHL,D
524,howego01,Second Team All-Star,1958,NHL,RW
525,pronoma01,Second Team All-Star,1958,NHL,D
526,richahe01,Second Team All-Star,1958,NHL,C
527,sawchte01,Second Team All-Star,1958,NHL,G
528,plantja01,Vezina,1958,NHL,n/a
529,hullbo01,Art Ross,1959,NHL,n/a
530,haybi01,Calder,1959,NHL,n/a
531,belivje01,First Team All-Star,1959,NHL,C
532,hallgl01,First Team All-Star,1959,NHL,G
533,harvedo01,First Team All-Star,1959,NHL,D
534,howego01,First Team All-Star,1959,NHL,RW
535,hullbo01,First Team All-Star,1959,NHL,LW
536,pronoma01,First Team All-Star,1959,NHL,D
537,howego01,Hart,1959,NHL,n/a
538,mckendo01,Lady Byng,1959,NHL,n/a
539,harvedo01,Norris,1959,NHL,n/a
540,geoffbe01,Second Team All-Star,1959,NHL,RW
541,horvabr01,Second Team All-Star,1959,NHL,C
542,pilotpi01,Second Team All-Star,1959,NHL,D
543,plantja01,Second Team All-Star,1959,NHL,G
544,prentde01,Second Team All-Star,1959,NHL,LW
545,stanlal01,Second Team All-Star,1959,NHL,D
546,plantja01,Vezina,1959,NHL,n/a
547,geoffbe01,Art Ross,1960,NHL,n/a
548,keonda01,Calder,1960,NHL,n/a
549,belivje01,First Team All-Star,1960,NHL,C
550,bowerjo01,First Team All-Star,1960,NHL,G
551,geoffbe01,First Team All-Star,1960,NHL,RW
552,harvedo01,First Team All-Star,1960,NHL,D
553,mahovfr01,First Team All-Star,1960,NHL,LW
554,pronoma01,First Team All-Star,1960,NHL,D
555,geoffbe01,Hart,1960,NHL,n/a
556,kellyre01,Lady Byng,1960,NHL,n/a
557,harvedo01,Norris,1960,NHL,n/a
558,hallgl01,Second Team All-Star,1960,NHL,G
559,howego01,Second Team All-Star,1960,NHL,RW
560,mooredi01,Second Team All-Star,1960,NHL,LW
561,pilotpi01,Second Team All-Star,1960,NHL,D
562,richahe01,Second Team All-Star,1960,NHL,C
563,stanlal01,Second Team All-Star,1960,NHL,D
564,bowerjo01,Vezina,1960,NHL,n/a
565,hullbo01,Art Ross,1961,NHL,n/a
566,roussbo01,Calder,1961,NHL,n/a
567,bathgan01,First Team All-Star,1961,NHL,RW
568,harvedo01,First Team All-Star,1961,NHL,D
569,hullbo01,First Team All-Star,1961,NHL,LW
570,mikitst01,First Team All-Star,1961,NHL,C
571,plantja01,First Team All-Star,1961,NHL,G
572,talboje01,First Team All-Star,1961,NHL,D
573,plantja01,Hart,1961,NHL,n/a
574,keonda01,Lady Byng,1961,NHL,n/a
575,harvedo01,Norris,1961,NHL,n/a
576,breweca01,Second Team All-Star,1961,NHL,D
577,hallgl01,Second Team All-Star,1961,NHL,G
578,howego01,Second Team All-Star,1961,NHL,RW
579,keonda01,Second Team All-Star,1961,NHL,C
580,mahovfr01,Second Team All-Star,1961,NHL,LW
581,pilotpi01,Second Team All-Star,1961,NHL,D
582,plantja01,Vezina,1961,NHL,n/a
583,howego01,Art Ross,1962,NHL,n/a
584,douglke01,Calder,1962,NHL,n/a
585,breweca01,First Team All-Star,1962,NHL,D
586,hallgl01,First Team All-Star,1962,NHL,G
587,howego01,First Team All-Star,1962,NHL,RW
588,mahovfr01,First Team All-Star,1962,NHL,LW
589,mikitst01,First Team All-Star,1962,NHL,C
590,pilotpi01,First Team All-Star,1962,NHL,D
591,howego01,Hart,1962,NHL,n/a
592,keonda01,Lady Byng,1962,NHL,n/a
593,pilotpi01,Norris,1962,NHL,n/a
594,bathgan01,Second Team All-Star,1962,NHL,RW
595,hortoti01,Second Team All-Star,1962,NHL,D
596,hullbo01,Second Team All-Star,1962,NHL,LW
597,richahe01,Second Team All-Star,1962,NHL,C
598,sawchte01,Second Team All-Star,1962,NHL,G
599,vaskomo01,Second Team All-Star,1962,NHL,D
600,hallgl01,Vezina,1962,NHL,n/a
601,mikitst01,Art Ross,1963,NHL,n/a
602,laperja01,Calder,1963,NHL,n/a
603,hallgl01,First Team All-Star,1963,NHL,G
604,hortoti01,First Team All-Star,1963,NHL,D
605,hullbo01,First Team All-Star,1963,NHL,LW
606,mikitst01,First Team All-Star,1963,NHL,C
607,pilotpi01,First Team All-Star,1963,NHL,D
608,wharrke01,First Team All-Star,1963,NHL,RW
609,belivje01,Hart,1963,NHL,n/a
610,wharrke01,Lady Byng,1963,NHL,n/a
611,pilotpi01,Norris,1963,NHL,n/a
612,belivje01,Second Team All-Star,1963,NHL,C
613,hodgech01,Second Team All-Star,1963,NHL,G
614,howego01,Second Team All-Star,1963,NHL,RW
615,laperja01,Second Team All-Star,1963,NHL,D
616,mahovfr01,Second Team All-Star,1963,NHL,LW
617,vaskomo01,Second Team All-Star,1963,NHL,D
618,hodgech01,Vezina,1963,NHL,n/a
619,mikitst01,Art Ross,1964,NHL,n/a
620,croziro01,Calder,1964,NHL,n/a
621,belivje01,Conn Smythe,1964,NHL,n/a
622,croziro01,First Team All-Star,1964,NHL,G
623,hullbo01,First Team All-Star,1964,NHL,LW
624,laperja01,First Team All-Star,1964,NHL,D
625,pilotpi01,First Team All-Star,1964,NHL,D
626,provocl01,First Team All-Star,1964,NHL,RW
627,ullmano01,First Team All-Star,1964,NHL,C
628,hullbo01,Hart,1964,NHL,n/a
629,hullbo01,Lady Byng,1964,NHL,n/a
630,pilotpi01,Norris,1964,NHL,n/a
631,breweca01,Second Team All-Star,1964,NHL,D
632,gadsbbi01,Second Team All-Star,1964,NHL,D
633,hodgech01,Second Team All-Star,1964,NHL,G
634,howego01,Second Team All-Star,1964,NHL,RW
635,mahovfr01,Second Team All-Star,1964,NHL,LW
636,mikitst01,Second Team All-Star,1964,NHL,C
637,bowerjo01,Vezina,1964,NHL,n/a
638,sawchte01,Vezina,1964,NHL,n/a
639,hullbo01,Art Ross,1965,NHL,n/a
640,selbybr01,Calder,1965,NHL,n/a
641,croziro01,Conn Smythe,1965,NHL,n/a
642,hallgl01,First Team All-Star,1965,NHL,G
643,howego01,First Team All-Star,1965,NHL,RW
644,hullbo01,First Team All-Star,1965,NHL,LW
645,laperja01,First Team All-Star,1965,NHL,D
646,mikitst01,First Team All-Star,1965,NHL,C
647,pilotpi01,First Team All-Star,1965,NHL,D
648,hullbo01,Hart,1965,NHL,n/a
649,delveal01,Lady Byng,1965,NHL,n/a
650,laperja01,Norris,1965,NHL,n/a
651,belivje01,Second Team All-Star,1965,NHL,C
652,mahovfr01,Second Team All-Star,1965,NHL,LW
653,roussbo01,Second Team All-Star,1965,NHL,RW
654,stanlal01,Second Team All-Star,1965,NHL,D
655,staplpa01,Second Team All-Star,1965,NHL,D
656,worslgu01,Second Team All-Star,1965,NHL,G
657,hodgech01,Vezina,1965,NHL,n/a
658,worslgu01,Vezina,1965,NHL,n/a
659,mikitst01,Art Ross,1966,NHL,n/a
660,orrbo01,Calder,1966,NHL,n/a
661,keonda01,Conn Smythe,1966,NHL,n/a
662,giacoed01,First Team All-Star,1966,NHL,G
663,howelha01,First Team All-Star,1966,NHL,D
664,hullbo01,First Team All-Star,1966,NHL,LW
665,mikitst01,First Team All-Star,1966,NHL,C
666,pilotpi01,First Team All-Star,1966,NHL,D
667,wharrke01,First Team All-Star,1966,NHL,RW
668,mikitst01,Hart,1966,NHL,n/a
669,mikitst01,Lady Byng,1966,NHL,n/a
670,howelha01,Norris,1966,NHL,n/a
671,hallgl01,Second Team All-Star,1966,NHL,G
672,hortoti01,Second Team All-Star,1966,NHL,D
673,howego01,Second Team All-Star,1966,NHL,RW
674,marshdo01,Second Team All-Star,1966,NHL,LW
675,orrbo01,Second Team All-Star,1966,NHL,D
676,ullmano01,Second Team All-Star,1966,NHL,C
677,dejorde01,Vezina,1966,NHL,n/a
678,hallgl01,Vezina,1966,NHL,n/a
679,mikitst01,Art Ross,1967,NHL,n/a
680,sandede01,Calder,1967,NHL,n/a
681,hallgl01,Conn Smythe,1967,NHL,n/a
682,hortoti01,First Team All-Star,1967,NHL,D
683,howego01,First Team All-Star,1967,NHL,RW
684,hullbo01,First Team All-Star,1967,NHL,LW
685,mikitst01,First Team All-Star,1967,NHL,C
686,orrbo01,First Team All-Star,1967,NHL,D
687,worslgu01,First Team All-Star,1967,NHL,G
688,mikitst01,Hart,1967,NHL,n/a
689,mikitst01,Lady Byng,1967,NHL,n/a
690,provocl01,Masterton,1967,NHL,n/a
691,orrbo01,Norris,1967,NHL,n/a
692,bucykjo01,Second Team All-Star,1967,NHL,LW
693,esposph01,Second Team All-Star,1967,NHL,C
694,giacoed01,Second Team All-Star,1967,NHL,G
695,gilbero01,Second Team All-Star,1967,NHL,RW
696,neilsji01,Second Team All-Star,1967,NHL,D
697,trembjc01,Second Team All-Star,1967,NHL,D
698,vachoro01,Vezina,1967,NHL,n/a
699,worslgu01,Vezina,1967,NHL,n/a
700,esposph01,Art Ross,1968,NHL,n/a
701,grantda01,Calder,1968,NHL,n/a
702,savarse01,Conn Smythe,1968,NHL,n/a
703,esposph01,First Team All-Star,1968,NHL,C
704,hallgl01,First Team All-Star,1968,NHL,G
705,hortoti01,First Team All-Star,1968,NHL,D
706,howego01,First Team All-Star,1968,NHL,RW
707,hullbo01,First Team All-Star,1968,NHL,LW
708,orrbo01,First Team All-Star,1968,NHL,D
709,esposph01,Hart,1968,NHL,n/a
710,delveal01,Lady Byng,1968,NHL,n/a
711,hampste01,Masterton,1968,NHL,n/a
712,orrbo01,Norris,1968,NHL,n/a
713,belivje01,Second Team All-Star,1968,NHL,C
714,cournyv01,Second Team All-Star,1968,NHL,RW
715,giacoed01,Second Team All-Star,1968,NHL,G
716,greente01,Second Team All-Star,1968,NHL,D
717,harrite01,Second Team All-Star,1968,NHL,D
718,mahovfr01,Second Team All-Star,1968,NHL,LW
719,hallgl01,Vezina,1968,NHL,n/a
720,plantja01,Vezina,1968,NHL,n/a
721,orrbo01,Art Ross,1969,NHL,n/a
722,esposto01,Calder,1969,NHL,n/a
723,orrbo01,Conn Smythe,1969,NHL,n/a
724,esposph01,First Team All-Star,1969,NHL,C
725,esposto01,First Team All-Star,1969,NHL,G
726,howego01,First Team All-Star,1969,NHL,RW
727,hullbo01,First Team All-Star,1969,NHL,LW
728,orrbo01,First Team All-Star,1969,NHL,D
729,parkbr01,First Team All-Star,1969,NHL,D
730,orrbo01,Hart,1969,NHL,n/a
731,goyetph01,Lady Byng,1969,NHL,n/a
732,martipi01,Masterton,1969,NHL,n/a
733,orrbo01,Norris,1969,NHL,n/a
734,breweca01,Second Team All-Star,1969,NHL,D
735,giacoed01,Second Team All-Star,1969,NHL,G
736,laperja01,Second Team All-Star,1969,NHL,D
737,mahovfr01,Second Team All-Star,1969,NHL,LW
738,mckenjo01,Second Team All-Star,1969,NHL,RW
739,mikitst01,Second Team All-Star,1969,NHL,C
740,esposto01,Vezina,1969,NHL,n/a
741,esposph01,Art Ross,1970,NHL,n/a
742,perregi01,Calder,1970,NHL,n/a
743,drydeke01,Conn Smythe,1970,NHL,n/a
744,bucykjo01,First Team All-Star,1970,NHL,LW
745,esposph01,First Team All-Star,1970,NHL,C
746,giacoed01,First Team All-Star,1970,NHL,G
747,hodgeke01,First Team All-Star,1970,NHL,RW
748,orrbo01,First Team All-Star,1970,NHL,D
749,trembjc01,First Team All-Star,1970,NHL,D
750,orrbo01,Hart,1970,NHL,n/a
751,bucykjo01,Lady Byng,1970,NHL,n/a
752,ratelje01,Masterton,1970,NHL,n/a
753,orrbo01,Norris,1970,NHL,n/a
754,esposph01,Pearson,1970,NHL,n/a
755,cournyv01,Second Team All-Star,1970,NHL,RW
756,hullbo01,Second Team All-Star,1970,NHL,LW
757,keonda01,Second Team All-Star,1970,NHL,C
758,parkbr01,Second Team All-Star,1970,NHL,D
759,plantja01,Second Team All-Star,1970,NHL,G
760,staplpa01,Second Team All-Star,1970,NHL,D
761,giacoed01,Vezina,1970,NHL,n/a
762,villegi01,Vezina,1970,NHL,n/a
763,esposph01,Art Ross,1971,NHL,n/a
764,drydeke01,Calder,1971,NHL,n/a
765,orrbo01,Conn Smythe,1971,NHL,n/a
766,esposph01,First Team All-Star,1971,NHL,C
767,esposto01,First Team All-Star,1971,NHL,G
768,gilbero01,First Team All-Star,1971,NHL,RW
769,hullbo01,First Team All-Star,1971,NHL,LW
770,orrbo01,First Team All-Star,1971,NHL,D
771,parkbr01,First Team All-Star,1971,NHL,D
772,orrbo01,Hart,1971,NHL,n/a
773,ratelje01,Lady Byng,1971,NHL,n/a
774,clarkbo01,Masterton,1971,NHL,n/a
775,orrbo01,Norris,1971,NHL,n/a
776,ratelje01,Pearson,1971,NHL,n/a
777,cournyv01,Second Team All-Star,1971,NHL,RW
778,drydeke01,Second Team All-Star,1971,NHL,G
779,hadfivi01,Second Team All-Star,1971,NHL,LW
780,ratelje01,Second Team All-Star,1971,NHL,C
781,staplpa01,Second Team All-Star,1971,NHL,D
782,whitebi01,Second Team All-Star,1971,NHL,D
783,esposto01,Vezina,1971,NHL,n/a
784,smithga01,Vezina,1971,NHL,n/a
785,esposph01,Art Ross,1972,NHL,n/a
786,vickest01,Calder,1972,NHL,n/a
787,cournyv01,Conn Smythe,1972,NHL,n/a
788,drydeke01,First Team All-Star,1972,NHL,G
789,esposph01,First Team All-Star,1972,NHL,C
790,lapoigu01,First Team All-Star,1972,NHL,D
791,mahovfr01,First Team All-Star,1972,NHL,LW
792,orrbo01,First Team All-Star,1972,NHL,D
793,redmomi01,First Team All-Star,1972,NHL,RW
794,clarkbo01,Hart,1972,NHL,n/a
795,perregi01,Lady Byng,1972,NHL,n/a
796,macdolo01,Masterton,1972,NHL,n/a
797,orrbo01,Norris,1972,NHL,n/a
798,esposph01,Pearson,1972,NHL,n/a
799,clarkbo01,Second Team All-Star,1972,NHL,C
800,cournyv01,Second Team All-Star,1972,NHL,RW
801,esposto01,Second Team All-Star,1972,NHL,G
802,hullde01,Second Team All-Star,1972,NHL,LW
803,parkbr01,Second Team All-Star,1972,NHL,D
804,whitebi01,Second Team All-Star,1972,NHL,D
805,drydeke01,Vezina,1972,NHL,n/a
806,esposph01,Art Ross,1973,NHL,n/a
807,potvide01,Calder,1973,NHL,n/a
808,parenbe01,Conn Smythe,1973,NHL,n/a
809,esposph01,First Team All-Star,1973,NHL,C
810,hodgeke01,First Team All-Star,1973,NHL,RW
811,martiri01,First Team All-Star,1973,NHL,LW
812,orrbo01,First Team All-Star,1973,NHL,D
813,parenbe01,First Team All-Star,1973,NHL,G
814,parkbr01,First Team All-Star,1973,NHL,D
815,esposph01,Hart,1973,NHL,n/a
816,bucykjo01,Lady Byng,1973,NHL,n/a
817,richahe01,Masterton,1973,NHL,n/a
818,orrbo01,Norris,1973,NHL,n/a
819,clarkbo01,Pearson,1973,NHL,n/a
820,ashbeba01,Second Team All-Star,1973,NHL,D
821,cashmwa01,Second Team All-Star,1973,NHL,LW
822,clarkbo01,Second Team All-Star,1973,NHL,C
823,esposto01,Second Team All-Star,1973,NHL,G
824,redmomi01,Second Team All-Star,1973,NHL,RW
825,whitebi01,Second Team All-Star,1973,NHL,D
826,esposto01,Vezina,1973,NHL,n/a
827,parenbe01,Vezina,1973,NHL,n/a
828,orrbo01,Art Ross,1974,NHL,n/a
829,vailer01,Calder,1974,NHL,n/a
830,parenbe01,Conn Smythe,1974,NHL,n/a
831,clarkbo01,First Team All-Star,1974,NHL,C
832,laflegu01,First Team All-Star,1974,NHL,RW
833,martiri01,First Team All-Star,1974,NHL,LW
834,orrbo01,First Team All-Star,1974,NHL,D
835,parenbe01,First Team All-Star,1974,NHL,G
836,potvide01,First Team All-Star,1974,NHL,D
837,clarkbo01,Hart,1974,NHL,n/a
838,dionnma01,Lady Byng,1974,NHL,n/a
839,lucedo01,Masterton,1974,NHL,n/a
840,orrbo01,Norris,1974,NHL,n/a
841,orrbo01,Pearson,1974,NHL,n/a
842,esposph01,Second Team All-Star,1974,NHL,C
843,lapoigu01,Second Team All-Star,1974,NHL,D
844,roberre01,Second Team All-Star,1974,NHL,RW
845,salmibo01,Second Team All-Star,1974,NHL,D
846,vachoro01,Second Team All-Star,1974,NHL,G
847,vickest01,Second Team All-Star,1974,NHL,LW
848,parenbe01,Vezina,1974,NHL,n/a
849,laflegu01,Art Ross,1975,NHL,n/a
850,trottbr01,Calder,1975,NHL,n/a
851,leachre01,Conn Smythe,1975,NHL,n/a
852,barbebi01,First Team All-Star,1975,NHL,LW
853,clarkbo01,First Team All-Star,1975,NHL,C
854,drydeke01,First Team All-Star,1975,NHL,G
855,laflegu01,First Team All-Star,1975,NHL,RW
856,parkbr01,First Team All-Star,1975,NHL,D
857,potvide01,First Team All-Star,1975,NHL,D
858,clarkbo01,Hart,1975,NHL,n/a
859,ratelje01,Lady Byng,1975,NHL,n/a
860,gilbero01,Masterton,1975,NHL,n/a
861,potvide01,Norris,1975,NHL,n/a
862,laflegu01,Pearson,1975,NHL,n/a
863,lapoigu01,Second Team All-Star,1975,NHL,D
864,leachre01,Second Team All-Star,1975,NHL,RW
865,martiri01,Second Team All-Star,1975,NHL,LW
866,perregi01,Second Team All-Star,1975,NHL,C
867,reschgl01,Second Team All-Star,1975,NHL,G
868,salmibo01,Second Team All-Star,1975,NHL,D
869,drydeke01,Vezina,1975,NHL,n/a
870,laflegu01,Art Ross,1976,NHL,n/a
871,plettwi01,Calder,1976,NHL,n/a
872,laflegu01,Conn Smythe,1976,NHL,n/a
873,dionnma01,First Team All-Star,1976,NHL,C
874,drydeke01,First Team All-Star,1976,NHL,G
875,laflegu01,First Team All-Star,1976,NHL,RW
876,robinla01,First Team All-Star,1976,NHL,D
877,salmibo01,First Team All-Star,1976,NHL,D
878,shuttst01,First Team All-Star,1976,NHL,LW
879,laflegu01,Hart,1976,NHL,n/a
880,dionnma01,Lady Byng,1976,NHL,n/a
881,westfed01,Masterton,1976,NHL,n/a
882,robinla01,Norris,1976,NHL,n/a
883,laflegu01,Pearson,1976,NHL,n/a
884,lapoigu01,Second Team All-Star,1976,NHL,D
885,martiri01,Second Team All-Star,1976,NHL,LW
886,mcdonla01,Second Team All-Star,1976,NHL,RW
887,perregi01,Second Team All-Star,1976,NHL,C
888,potvide01,Second Team All-Star,1976,NHL,D
889,vachoro01,Second Team All-Star,1976,NHL,G
890,drydeke01,Vezina,1976,NHL,n/a
891,larocmi01,Vezina,1976,NHL,n/a
892,laflegu01,Art Ross,1977,NHL,n/a
893,bossymi01,Calder,1977,NHL,n/a
894,robinla01,Conn Smythe,1977,NHL,n/a
895,drydeke01,First Team All-Star,1977,NHL,G
896,gillicl01,First Team All-Star,1977,NHL,LW
897,laflegu01,First Team All-Star,1977,NHL,RW
898,parkbr01,First Team All-Star,1977,NHL,D
899,potvide01,First Team All-Star,1977,NHL,D
900,trottbr01,First Team All-Star,1977,NHL,C
901,laflegu01,Hart,1977,NHL,n/a
902,gorinbu01,Lady Byng,1977,NHL,n/a
903,gorinbu01,Masterton,1977,NHL,n/a
904,potvide01,Norris,1977,NHL,n/a
905,laflegu01,Pearson,1977,NHL,n/a
906,bossymi01,Second Team All-Star,1977,NHL,RW
907,edwardo01,Second Team All-Star,1977,NHL,G
908,robinla01,Second Team All-Star,1977,NHL,D
909,salmibo01,Second Team All-Star,1977,NHL,D
910,shuttst01,Second Team All-Star,1977,NHL,LW
911,sittlda01,Second Team All-Star,1977,NHL,C
912,gainebo01,Selke,1977,NHL,n/a
913,drydeke01,Vezina,1977,NHL,n/a
914,larocmi01,Vezina,1977,NHL,n/a
915,trottbr01,Art Ross,1978,NHL,n/a
916,smithbo01,Calder,1978,NHL,n/a
917,gainebo01,Conn Smythe,1978,NHL,n/a
918,drydeke01,First Team All-Star,1978,NHL,G
919,gillicl01,First Team All-Star,1978,NHL,LW
920,laflegu01,First Team All-Star,1978,NHL,RW
921,potvide01,First Team All-Star,1978,NHL,D
922,robinla01,First Team All-Star,1978,NHL,D
923,trottbr01,First Team All-Star,1978,NHL,C
924,trottbr01,Hart,1978,NHL,n/a
925,macmibo01,Lady Byng,1978,NHL,n/a
926,savarse01,Masterton,1978,NHL,n/a
927,potvide01,Norris,1978,NHL,n/a
928,dionnma01,Pearson,1978,NHL,n/a
929,barbebi01,Second Team All-Star,1978,NHL,LW
930,bossymi01,Second Team All-Star,1978,NHL,RW
931,dionnma01,Second Team All-Star,1978,NHL,C
932,reschgl01,Second Team All-Star,1978,NHL,G
933,salmibo01,Second Team All-Star,1978,NHL,D
934,savarse01,Second Team All-Star,1978,NHL,D
935,gainebo01,Selke,1978,NHL,n/a
936,drydeke01,Vezina,1978,NHL,n/a
937,larocmi01,Vezina,1978,NHL,n/a
938,dionnma01,Art Ross,1979,NHL,n/a
939,bourqra01,Calder,1979,NHL,n/a
940,trottbr01,Conn Smythe,1979,NHL,n/a
941,bourqra01,First Team All-Star,1979,NHL,D
942,dionnma01,First Team All-Star,1979,NHL,C
943,esposto01,First Team All-Star,1979,NHL,G
944,laflegu01,First Team All-Star,1979,NHL,RW
945,robinla01,First Team All-Star,1979,NHL,D
946,simmech01,First Team All-Star,1979,NHL,LW
947,gretzwa01,Hart,1979,NHL,n/a
948,gretzwa01,Lady Byng,1979,NHL,n/a
949,macadal01,Masterton,1979,NHL,n/a
950,robinla01,Norris,1979,NHL,n/a
951,dionnma01,Pearson,1979,NHL,n/a
952,edwardo01,Second Team All-Star,1979,NHL,G
953,gareda01,Second Team All-Star,1979,NHL,RW
954,gretzwa01,Second Team All-Star,1979,NHL,C
955,salmibo01,Second Team All-Star,1979,NHL,D
956,schoeji01,Second Team All-Star,1979,NHL,D
957,shuttst01,Second Team All-Star,1979,NHL,LW
958,gainebo01,Selke,1979,NHL,n/a
959,edwardo01,Vezina,1979,NHL,n/a
960,sauvebo01,Vezina,1979,NHL,n/a
961,gretzwa01,Art Ross,1980,NHL,n/a
962,stastpe01,Calder,1980,NHL,n/a
963,gorinbu01,Conn Smythe,1980,NHL,n/a
964,bossymi01,First Team All-Star,1980,NHL,RW
965,carlyra01,First Team All-Star,1980,NHL,D
966,gretzwa01,First Team All-Star,1980,NHL,C
967,liutmi01,First Team All-Star,1980,NHL,G
968,potvide01,First Team All-Star,1980,NHL,D
969,simmech01,First Team All-Star,1980,NHL,LW
970,gretzwa01,Hart,1980,NHL,n/a
971,kehoeri01,Lady Byng,1980,NHL,n/a
972,dunlobl01,Masterton,1980,NHL,n/a
973,carlyra01,Norris,1980,NHL,n/a
974,liutmi01,Pearson,1980,NHL,n/a
975,barbebi01,Second Team All-Star,1980,NHL,LW
976,bourqra01,Second Team All-Star,1980,NHL,D
977,dionnma01,Second Team All-Star,1980,NHL,C
978,lessama01,Second Team All-Star,1980,NHL,G
979,robinla01,Second Team All-Star,1980,NHL,D
980,tayloda01,Second Team All-Star,1980,NHL,RW
981,gainebo01,Selke,1980,NHL,n/a
982,herrode01,Vezina,1980,NHL,n/a
983,larocmi01,Vezina,1980,NHL,n/a
984,sevigri01,Vezina,1980,NHL,n/a
985,gretzwa01,Art Ross,1981,NHL,n/a
986,hawerda01,Calder,1981,NHL,n/a
987,bossymi01,Conn Smythe,1981,NHL,n/a
988,bossymi01,First Team All-Star,1981,NHL,RW
989,bourqra01,First Team All-Star,1981,NHL,D
990,gretzwa01,First Team All-Star,1981,NHL,C
991,messima01,First Team All-Star,1981,NHL,LW
992,smithbi01,First Team All-Star,1981,NHL,G
993,wilsodo01,First Team All-Star,1981,NHL,D
994,gretzwa01,Hart,1981,NHL,n/a
995,herrode01,Jennings,1981,NHL,n/a
996,wamslri01,Jennings,1981,NHL,n/a
997,middlri01,Lady Byng,1981,NHL,n/a
998,reschgl01,Masterton,1981,NHL,n/a
999,wilsodo01,Norris,1981,NHL,n/a
1000,gretzwa01,Pearson,1981,NHL,n/a
1001,coffepa01,Second Team All-Star,1981,NHL,D
1002,engblbr01,Second Team All-Star,1981,NHL,D
1003,fuhrgr01,Second Team All-Star,1981,NHL,G
1004,middlri01,Second Team All-Star,1981,NHL,RW
1005,toneljo01,Second Team All-Star,1981,NHL,LW
1006,trottbr01,Second Team All-Star,1981,NHL,C
1007,kaspest01,Selke,1981,NHL,n/a
1008,smithbi01,Vezina,1981,NHL,n/a
1009,daousda01,All-Rookie,1982,NHL,C
1010,houslph01,All-Rookie,1982,NHL,D
1011,larmest01,All-Rookie,1982,NHL,RW
1012,lindbpe01,All-Rookie,1982,NHL,G
1013,nasluma01,All-Rookie,1982,NHL,LW
1014,stevesc01,All-Rookie,1982,NHL,D
1015,gretzwa01,Art Ross,1982,NHL,n/a
1016,larmest01,Calder,1982,NHL,n/a
1017,smithbi01,Conn Smythe,1982,NHL,n/a
1018,bossymi01,First Team All-Star,1982,NHL,RW
1019,gretzwa01,First Team All-Star,1982,NHL,C
1020,howema01,First Team All-Star,1982,NHL,D
1021,langwro01,First Team All-Star,1982,NHL,D
1022,messima01,First Team All-Star,1982,NHL,LW
1023,peetepe01,First Team All-Star,1982,NHL,G
1024,gretzwa01,Hart,1982,NHL,n/a
1025,melanro01,Jennings,1982,NHL,n/a
1026,smithbi01,Jennings,1982,NHL,n/a
1027,bossymi01,Lady Byng,1982,NHL,n/a
1028,mcdonla01,Masterton,1982,NHL,n/a
1029,langwro01,Norris,1982,NHL,n/a
1030,gretzwa01,Pearson,1982,NHL,n/a
1031,huddych01,Plus-Minus,1982,NHL,n/a
1032,bourqra01,Second Team All-Star,1982,NHL,D
1033,coffepa01,Second Team All-Star,1982,NHL,D
1034,goulemi01,Second Team All-Star,1982,NHL,LW
1035,mcdonla01,Second Team All-Star,1982,NHL,RW
1036,melanro01,Second Team All-Star,1982,NHL,G
1037,savarde01,Second Team All-Star,1982,NHL,C
1038,clarkbo01,Selke,1982,NHL,n/a
1039,peetepe01,Vezina,1982,NHL,n/a
1040,barrato01,All-Rookie,1983,NHL,G
1041,eriksth01,All-Rookie,1983,NHL,D
1042,loobha01,All-Rookie,1983,NHL,RW
1043,macouja01,All-Rookie,1983,NHL,D
1044,turgesy01,All-Rookie,1983,NHL,LW
1045,yzermst01,All-Rookie,1983,NHL,C
1046,gretzwa01,Art Ross,1983,NHL,n/a
1047,barrato01,Calder,1983,NHL,n/a
1048,messima01,Conn Smythe,1983,NHL,n/a
1049,barrato01,First Team All-Star,1983,NHL,G
1050,bossymi01,First Team All-Star,1983,NHL,RW
1051,bourqra01,First Team All-Star,1983,NHL,D
1052,goulemi01,First Team All-Star,1983,NHL,LW
1053,gretzwa01,First Team All-Star,1983,NHL,C
1054,langwro01,First Team All-Star,1983,NHL,D
1055,gretzwa01,Hart,1983,NHL,n/a
1056,jenseal01,Jennings,1983,NHL,n/a
1057,riggipa01,Jennings,1983,NHL,n/a
1058,bossymi01,Lady Byng,1983,NHL,n/a
1059,parkbr01,Masterton,1983,NHL,n/a
1060,langwro01,Norris,1983,NHL,n/a
1061,gretzwa01,Pearson,1983,NHL,n/a
1062,gretzwa01,Plus-Minus,1983,NHL,n/a
1063,coffepa01,Second Team All-Star,1983,NHL,D
1064,kurrija01,Second Team All-Star,1983,NHL,RW
1065,messima01,Second Team All-Star,1983,NHL,LW
1066,potvide01,Second Team All-Star,1983,NHL,D
1067,riggipa01,Second Team All-Star,1983,NHL,G
1068,trottbr01,Second Team All-Star,1983,NHL,C
1069,jarvido01,Selke,1983,NHL,n/a
1070,barrato01,Vezina,1983,NHL,n/a
1071,bellbr01,All-Rookie,1984,NHL,D
1072,chelich01,All-Rookie,1984,NHL,D
1073,lemiema01,All-Rookie,1984,NHL,C
1074,pennest01,All-Rookie,1984,NHL,G
1075,sandsto01,All-Rookie,1984,NHL,RW
1076,youngwa01,All-Rookie,1984,NHL,LW
1077,gretzwa01,Art Ross,1984,NHL,n/a
1078,lemiema01,Calder,1984,NHL,n/a
1079,gretzwa01,Conn Smythe,1984,NHL,n/a
1080,bourqra01,First Team All-Star,1984,NHL,D
1081,coffepa01,First Team All-Star,1984,NHL,D
1082,gretzwa01,First Team All-Star,1984,NHL,C
1083,kurrija01,First Team All-Star,1984,NHL,RW
1084,lindbpe01,First Team All-Star,1984,NHL,G
1085,ogrodjo01,First Team All-Star,1984,NHL,LW
1086,gretzwa01,Hart,1984,NHL,n/a
1087,barrato01,Jennings,1984,NHL,n/a
1088,sauvebo01,Jennings,1984,NHL,n/a
1089,kurrija01,Lady Byng,1984,NHL,n/a
1090,hedbean01,Masterton,1984,NHL,n/a
1091,coffepa01,Norris,1984,NHL,n/a
1092,gretzwa01,Pearson,1984,NHL,n/a
1093,gretzwa01,Plus-Minus,1984,NHL,n/a
1094,barrato01,Second Team All-Star,1984,NHL,G
1095,bossymi01,Second Team All-Star,1984,NHL,RW
1096,hawerda01,Second Team All-Star,1984,NHL,C
1097,langwro01,Second Team All-Star,1984,NHL,D
1098,toneljo01,Second Team All-Star,1984,NHL,LW
1099,wilsodo01,Second Team All-Star,1984,NHL,D
1100,ramsacr01,Selke,1984,NHL,n/a
1101,lindbpe01,Vezina,1984,NHL,n/a
1102,clarkwe01,All-Rookie,1985,NHL,LW
1103,dahlikj01,All-Rookie,1985,NHL,RW
1104,murzyda01,All-Rookie,1985,NHL,D
1105,ridlemi01,All-Rookie,1985,NHL,C
1106,roypa01,All-Rookie,1985,NHL,G
1107,suterga01,All-Rookie,1985,NHL,D
1108,gretzwa01,Art Ross,1985,NHL,n/a
1109,suterga01,Calder,1985,NHL,n/a
1110,roypa01,Conn Smythe,1985,NHL,n/a
1111,bossymi01,First Team All-Star,1985,NHL,RW
1112,coffepa01,First Team All-Star,1985,NHL,D
1113,goulemi01,First Team All-Star,1985,NHL,LW
1114,gretzwa01,First Team All-Star,1985,NHL,C
1115,howema01,First Team All-Star,1985,NHL,D
1116,vanbijo01,First Team All-Star,1985,NHL,G
1117,gretzwa01,Hart,1985,NHL,n/a
1118,froesbo01,Jennings,1985,NHL,n/a
1119,jenseda02,Jennings,1985,NHL,n/a
1120,bossymi01,Lady Byng,1985,NHL,n/a
1121,simmech01,Masterton,1985,NHL,n/a
1122,coffepa01,Norris,1985,NHL,n/a
1123,lemiema01,Pearson,1985,NHL,n/a
1124,howema01,Plus-Minus,1985,NHL,n/a
1125,bourqra01,Second Team All-Star,1985,NHL,D
1126,froesbo01,Second Team All-Star,1985,NHL,G
1127,kurrija01,Second Team All-Star,1985,NHL,RW
1128,lemiema01,Second Team All-Star,1985,NHL,C
1129,nasluma01,Second Team All-Star,1985,NHL,LW
1130,robinla01,Second Team All-Star,1985,NHL,D
1131,murratr01,Selke,1985,NHL,n/a
1132,vanbijo01,Vezina,1985,NHL,n/a
1133,bennibr01,All-Rookie,1986,NHL,D
1134,carsoji01,All-Rookie,1986,NHL,C
1135,duchest01,All-Rookie,1986,NHL,D
1136,hextaro01,All-Rookie,1986,NHL,G
1137,robitlu01,All-Rookie,1986,NHL,LW
1138,sandlji01,All-Rookie,1986,NHL,RW
1139,gretzwa01,Art Ross,1986,NHL,n/a
1140,robitlu01,Calder,1986,NHL,n/a
1141,hextaro01,Conn Smythe,1986,NHL,n/a
1142,bourqra01,First Team All-Star,1986,NHL,D
1143,goulemi01,First Team All-Star,1986,NHL,LW
1144,gretzwa01,First Team All-Star,1986,NHL,C
1145,hextaro01,First Team All-Star,1986,NHL,G
1146,howema01,First Team All-Star,1986,NHL,D
1147,kurrija01,First Team All-Star,1986,NHL,RW
1148,gretzwa01,Hart,1986,NHL,n/a
1149,haywabr01,Jennings,1986,NHL,n/a
1150,roypa01,Jennings,1986,NHL,n/a
1151,mullejo01,Lady Byng,1986,NHL,n/a
1152,jarvido01,Masterton,1986,NHL,n/a
1153,bourqra01,Norris,1986,NHL,n/a
1154,gretzwa01,Pearson,1986,NHL,n/a
1155,gretzwa01,Plus-Minus,1986,NHL,n/a
1156,kerrti01,Second Team All-Star,1986,NHL,RW
1157,lemiema01,Second Team All-Star,1986,NHL,C
1158,liutmi01,Second Team All-Star,1986,NHL,G
1159,macinal01,Second Team All-Star,1986,NHL,D
1160,murphla01,Second Team All-Star,1986,NHL,D
1161,robitlu01,Second Team All-Star,1986,NHL,LW
1162,poulida02,Selke,1986,NHL,n/a
1163,hextaro01,Vezina,1986,NHL,n/a
1164,duncaia01,All-Rookie,1987,NHL,LW
1165,johanca01,All-Rookie,1987,NHL,D
1166,nieuwjo01,All-Rookie,1987,NHL,C
1167,pangda01,All-Rookie,1987,NHL,G
1168,sheppra01,All-Rookie,1987,NHL,RW
1169,weslegl01,All-Rookie,1987,NHL,D
1170,lemiema01,Art Ross,1987,NHL,n/a
1171,nieuwjo01,Calder,1987,NHL,n/a
1172,gretzwa01,Conn Smythe,1987,NHL,n/a
1173,bourqra01,First Team All-Star,1987,NHL,D
1174,fuhrgr01,First Team All-Star,1987,NHL,G
1175,lemiema01,First Team All-Star,1987,NHL,C
1176,loobha01,First Team All-Star,1987,NHL,RW
1177,robitlu01,First Team All-Star,1987,NHL,LW
1178,stevesc01,First Team All-Star,1987,NHL,D
1179,lemiema01,Hart,1987,NHL,n/a
1180,haywabr01,Jennings,1987,NHL,n/a
1181,roypa01,Jennings,1987,NHL,n/a
1182,mcdonla01,King Clancy,1987,NHL,n/a
1183,nasluma01,Lady Byng,1987,NHL,n/a
1184,bournbo01,Masterton,1987,NHL,n/a
1185,bourqra01,Norris,1987,NHL,n/a
1186,lemiema01,Pearson,1987,NHL,n/a
1187,mccribr01,Plus-Minus,1987,NHL,n/a
1188,goulemi01,Second Team All-Star,1987,NHL,LW
1189,gretzwa01,Second Team All-Star,1987,NHL,C
1190,mccribr01,Second Team All-Star,1987,NHL,D
1191,neelyca01,Second Team All-Star,1987,NHL,RW
1192,roypa01,Second Team All-Star,1987,NHL,G
1193,suterga01,Second Team All-Star,1987,NHL,D
1194,carbogu01,Selke,1987,NHL,n/a
1195,fuhrgr01,Vezina,1987,NHL,n/a
1196,granato01,All-Rookie,1988,NHL,RW
1197,leetcbr01,All-Rookie,1988,NHL,D
1198,lindetr01,All-Rookie,1988,NHL,C
1199,sidorpe01,All-Rookie,1988,NHL,G
1200,volekda01,All-Rookie,1988,NHL,LW
1201,zalapza01,All-Rookie,1988,NHL,D
1202,lemiema01,Art Ross,1988,NHL,n/a
1203,leetcbr01,Calder,1988,NHL,n/a
1204,macinal01,Conn Smythe,1988,NHL,n/a
1205,chelich01,First Team All-Star,1988,NHL,D
1206,coffepa01,First Team All-Star,1988,NHL,D
1207,lemiema01,First Team All-Star,1988,NHL,C
1208,mullejo01,First Team All-Star,1988,NHL,RW
1209,robitlu01,First Team All-Star,1988,NHL,LW
1210,roypa01,First Team All-Star,1988,NHL,G
1211,gretzwa01,Hart,1988,NHL,n/a
1212,haywabr01,Jennings,1988,NHL,n/a
1213,roypa01,Jennings,1988,NHL,n/a
1214,trottbr01,King Clancy,1988,NHL,n/a
1215,mullejo01,Lady Byng,1988,NHL,n/a
1216,kerrti01,Masterton,1988,NHL,n/a
1217,chelich01,Norris,1988,NHL,n/a
1218,yzermst01,Pearson,1988,NHL,n/a
1219,mullejo01,Plus-Minus,1988,NHL,n/a
1220,bourqra01,Second Team All-Star,1988,NHL,D
1221,gallage01,Second Team All-Star,1988,NHL,LW
1222,gretzwa01,Second Team All-Star,1988,NHL,C
1223,kurrija01,Second Team All-Star,1988,NHL,RW
1224,macinal01,Second Team All-Star,1988,NHL,D
1225,vernomi01,Second Team All-Star,1988,NHL,G
1226,carbogu01,Selke,1988,NHL,n/a
1227,roypa01,Vezina,1988,NHL,n/a
1228,brindro01,All-Rookie,1989,NHL,LW
1229,essenbo01,All-Rookie,1989,NHL,G
1230,makarse01,All-Rookie,1989,NHL,RW
1231,modanmi01,All-Rookie,1989,NHL,C
1232,shawbr01,All-Rookie,1989,NHL,D
1233,smithge01,All-Rookie,1989,NHL,D
1234,gretzwa01,Art Ross,1989,NHL,n/a
1235,makarse01,Calder,1989,NHL,n/a
1236,ranfobi01,Conn Smythe,1989,NHL,n/a
1237,bourqra01,First Team All-Star,1989,NHL,D
1238,hullbr01,First Team All-Star,1989,NHL,RW
1239,macinal01,First Team All-Star,1989,NHL,D
1240,messima01,First Team All-Star,1989,NHL,C
1241,robitlu01,First Team All-Star,1989,NHL,LW
1242,roypa01,First Team All-Star,1989,NHL,G
1243,messima01,Hart,1989,NHL,n/a
1244,lemelre01,Jennings,1989,NHL,n/a
1245,moogan01,Jennings,1989,NHL,n/a
1246,loweke01,King Clancy,1989,NHL,n/a
1247,hullbr01,Lady Byng,1989,NHL,n/a
1248,kluzago01,Masterton,1989,NHL,n/a
1249,bourqra01,Norris,1989,NHL,n/a
1250,messima01,Pearson,1989,NHL,n/a
1251,cavalpa01,Plus-Minus,1989,NHL,n/a
1252,bellobr01,Second Team All-Star,1989,NHL,LW
1253,coffepa01,Second Team All-Star,1989,NHL,D
1254,gretzwa01,Second Team All-Star,1989,NHL,C
1255,neelyca01,Second Team All-Star,1989,NHL,RW
1256,puppada01,Second Team All-Star,1989,NHL,G
1257,wilsodo01,Second Team All-Star,1989,NHL,D
1258,meaghri01,Selke,1989,NHL,n/a
1259,roypa01,Vezina,1989,NHL,n/a
1260,belfoed01,All-Rookie,1990,NHL,G
1261,blakero01,All-Rookie,1990,NHL,D
1262,fedorse01,All-Rookie,1990,NHL,C
1263,hodgeke02,All-Rookie,1990,NHL,RW
1264,jagrja01,All-Rookie,1990,NHL,LW
1265,weinrer01,All-Rookie,1990,NHL,D
1266,gretzwa01,Art Ross,1990,NHL,n/a
1267,belfoed01,Calder,1990,NHL,n/a
1268,lemiema01,Conn Smythe,1990,NHL,n/a
1269,belfoed01,First Team All-Star,1990,NHL,G
1270,bourqra01,First Team All-Star,1990,NHL,D
1271,gretzwa01,First Team All-Star,1990,NHL,C
1272,hullbr01,First Team All-Star,1990,NHL,RW
1273,macinal01,First Team All-Star,1990,NHL,D
1274,robitlu01,First Team All-Star,1990,NHL,LW
1275,hullbr01,Hart,1990,NHL,n/a
1276,belfoed01,Jennings,1990,NHL,n/a
1277,tayloda01,King Clancy,1990,NHL,n/a
1278,gretzwa01,Lady Byng,1990,NHL,n/a
1279,tayloda01,Masterton,1990,NHL,n/a
1280,bourqra01,Norris,1990,NHL,n/a
1281,hullbr01,Pearson,1990,NHL,n/a
1282,fleurth01,Plus-Minus,1990,NHL,n/a
1283,mcsorma01,Plus-Minus,1990,NHL,n/a
1284,chelich01,Second Team All-Star,1990,NHL,D
1285,leetcbr01,Second Team All-Star,1990,NHL,D
1286,neelyca01,Second Team All-Star,1990,NHL,RW
1287,oatesad01,Second Team All-Star,1990,NHL,C
1288,roypa01,Second Team All-Star,1990,NHL,G
1289,steveke01,Second Team All-Star,1990,NHL,LW
1290,grahadi01,Selke,1990,NHL,n/a
1291,belfoed01,Vezina,1990,NHL,n/a
1292,amontto01,All-Rookie,1991,NHL,RW
1293,dionngi01,All-Rookie,1991,NHL,LW
1294,hasekdo01,All-Rookie,1991,NHL,G
1295,konstvl01,All-Rookie,1991,NHL,D
1296,lidstni01,All-Rookie,1991,NHL,D
1297,toddke01,All-Rookie,1991,NHL,C
1298,lemiema01,Art Ross,1991,NHL,n/a
1299,burepa01,Calder,1991,NHL,n/a
1300,lemiema01,Conn Smythe,1991,NHL,n/a
1301,bourqra01,First Team All-Star,1991,NHL,D
1302,hullbr01,First Team All-Star,1991,NHL,RW
1303,leetcbr01,First Team All-Star,1991,NHL,D
1304,messima01,First Team All-Star,1991,NHL,C
1305,roypa01,First Team All-Star,1991,NHL,G
1306,steveke01,First Team All-Star,1991,NHL,LW
1307,messima01,Hart,1991,NHL,n/a
1308,roypa01,Jennings,1991,NHL,n/a
1309,bourqra01,King Clancy,1991,NHL,n/a
1310,gretzwa01,Lady Byng,1991,NHL,n/a
1311,fitzpma01,Masterton,1991,NHL,n/a
1312,leetcbr01,Norris,1991,NHL,n/a
1313,messima01,Pearson,1991,NHL,n/a
1314,ysebapa01,Plus-Minus,1991,NHL,n/a
1315,houslph01,Second Team All-Star,1991,NHL,D
1316,lemiema01,Second Team All-Star,1991,NHL,C
1317,mcleaki01,Second Team All-Star,1991,NHL,G
1318,recchma01,Second Team All-Star,1991,NHL,RW
1319,robitlu01,Second Team All-Star,1991,NHL,LW
1320,stevesc01,Second Team All-Star,1991,NHL,D
1321,carbogu01,Selke,1991,NHL,n/a
1322,roypa01,Vezina,1991,NHL,n/a
1323,juneajo01,All-Rookie,1992,NHL,LW
1324,lindrer01,All-Rookie,1992,NHL,C
1325,malakvl01,All-Rookie,1992,NHL,D
1326,niedesc01,All-Rookie,1992,NHL,D
1327,potvife01,All-Rookie,1992,NHL,G
1328,selante01,All-Rookie,1992,NHL,RW
1329,lemiema01,Art Ross,1992,NHL,n/a
1330,selante01,Calder,1992,NHL,n/a
1331,roypa01,Conn Smythe,1992,NHL,n/a
1332,belfoed01,First Team All-Star,1992,NHL,G
1333,bourqra01,First Team All-Star,1992,NHL,D
1334,chelich01,First Team All-Star,1992,NHL,D
1335,lemiema01,First Team All-Star,1992,NHL,C
1336,robitlu01,First Team All-Star,1992,NHL,LW
1337,selante01,First Team All-Star,1992,NHL,RW
1338,lemiema01,Hart,1992,NHL,n/a
1339,belfoed01,Jennings,1992,NHL,n/a
1340,poulida02,King Clancy,1992,NHL,n/a
1341,turgepi01,Lady Byng,1992,NHL,n/a
1342,lemiema01,Masterton,1992,NHL,n/a
1343,chelich01,Norris,1992,NHL,n/a
1344,lemiema01,Pearson,1992,NHL,n/a
1345,lemiema01,Plus-Minus,1992,NHL,n/a
1346,barrato01,Second Team All-Star,1992,NHL,G
1347,iafraal01,Second Team All-Star,1992,NHL,D
1348,lafonpa01,Second Team All-Star,1992,NHL,C
1349,mogilal01,Second Team All-Star,1992,NHL,RW
1350,murphla01,Second Team All-Star,1992,NHL,D
1351,steveke01,Second Team All-Star,1992,NHL,LW
1352,gilmodo01,Selke,1992,NHL,n/a
1353,belfoed01,Vezina,1992,NHL,n/a
1354,arnotja01,All-Rookie,1993,NHL,C
1355,brodema01,All-Rookie,1993,NHL,G
1356,mironbo01,All-Rookie,1993,NHL,D
1357,petrool01,All-Rookie,1993,NHL,W
1358,prongch01,All-Rookie,1993,NHL,D
1359,renbemi01,All-Rookie,1993,NHL,W
1360,gretzwa01,Art Ross,1993,NHL,n/a
1361,brodema01,Calder,1993,NHL,n/a
1362,leetcbr01,Conn Smythe,1993,NHL,n/a
1363,bourqra01,First Team All-Star,1993,NHL,D
1364,burepa01,First Team All-Star,1993,NHL,RW
1365,fedorse01,First Team All-Star,1993,NHL,C
1366,hasekdo01,First Team All-Star,1993,NHL,G
1367,shanabr01,First Team All-Star,1993,NHL,LW
1368,stevesc01,First Team All-Star,1993,NHL,D
1369,fedorse01,Hart,1993,NHL,n/a
1370,fuhrgr01,Jennings,1993,NHL,n/a
1371,hasekdo01,Jennings,1993,NHL,n/a
1372,gravead01,King Clancy,1993,NHL,n/a
1373,gretzwa01,Lady Byng,1993,NHL,n/a
1374,neelyca01,Masterton,1993,NHL,n/a
1375,bourqra01,Norris,1993,NHL,n/a
1376,fedorse01,Pearson,1993,NHL,n/a
1377,stevesc01,Plus-Minus,1993,NHL,n/a
1378,gravead01,Second Team All-Star,1993,NHL,LW
1379,gretzwa01,Second Team All-Star,1993,NHL,C
1380,leetcbr01,Second Team All-Star,1993,NHL,D
1381,macinal01,Second Team All-Star,1993,NHL,D
1382,neelyca01,Second Team All-Star,1993,NHL,RW
1383,vanbijo01,Second Team All-Star,1993,NHL,G
1384,fedorse01,Selke,1993,NHL,n/a
1385,hasekdo01,Vezina,1993,NHL,n/a
1386,careyji01,All-Rookie,1994,NHL,G
1387,forsbpe01,All-Rookie,1994,NHL,F
1388,friesje01,All-Rookie,1994,NHL,F
1389,jonsske01,All-Rookie,1994,NHL,D
1390,kariypa01,All-Rookie,1994,NHL,F
1391,therich01,All-Rookie,1994,NHL,D
1392,jagrja01,Art Ross,1994,NHL,n/a
1393,forsbpe01,Calder,1994,NHL,n/a
1394,lemiecl01,Conn Smythe,1994,NHL,n/a
1395,chelich01,First Team All-Star,1994,NHL,D
1396,coffepa01,First Team All-Star,1994,NHL,D
1397,hasekdo01,First Team All-Star,1994,NHL,G
1398,jagrja01,First Team All-Star,1994,NHL,RW
1399,leclajo01,First Team All-Star,1994,NHL,LW
1400,lindrer01,First Team All-Star,1994,NHL,C
1401,lindrer01,Hart,1994,NHL,n/a
1402,belfoed01,Jennings,1994,NHL,n/a
1403,nieuwjo01,King Clancy,1994,NHL,n/a
1404,francro01,Lady Byng,1994,NHL,n/a
1405,lafonpa01,Masterton,1994,NHL,n/a
1406,coffepa01,Norris,1994,NHL,n/a
1407,lindrer01,Pearson,1994,NHL,n/a
1408,francro01,Plus-Minus,1994,NHL,n/a
1409,belfoed01,Second Team All-Star,1994,NHL,G
1410,bourqra01,Second Team All-Star,1994,NHL,D
1411,fleurth01,Second Team All-Star,1994,NHL,RW
1412,murphla01,Second Team All-Star,1994,NHL,D
1413,tkachke01,Second Team All-Star,1994,NHL,LW
1414,zhamnal01,Second Team All-Star,1994,NHL,C
1415,francro01,Selke,1994,NHL,n/a
1416,hasekdo01,Vezina,1994,NHL,n/a
1417,alfreda01,All-Rookie,1995,NHL,F
1418,dazeer01,All-Rookie,1995,NHL,F
1419,hirscco01,All-Rookie,1995,NHL,G
1420,jovaned01,All-Rookie,1995,NHL,D
1421,mclarky01,All-Rookie,1995,NHL,D
1422,sykorpe01,All-Rookie,1995,NHL,F
1423,lemiema01,Art Ross,1995,NHL,n/a
1424,alfreda01,Calder,1995,NHL,n/a
1425,sakicjo01,Conn Smythe,1995,NHL,n/a
1426,bourqra01,First Team All-Star,1995,NHL,D
1427,careyji01,First Team All-Star,1995,NHL,G
1428,chelich01,First Team All-Star,1995,NHL,D
1429,jagrja01,First Team All-Star,1995,NHL,RW
1430,kariypa01,First Team All-Star,1995,NHL,LW
1431,lemiema01,First Team All-Star,1995,NHL,C
1432,lemiema01,Hart,1995,NHL,n/a
1433,osgooch01,Jennings,1995,NHL,n/a
1434,vernomi01,Jennings,1995,NHL,n/a
1435,kingkr01,King Clancy,1995,NHL,n/a
1436,kariypa01,Lady Byng,1995,NHL,n/a
1437,roberga01,Masterton,1995,NHL,n/a
1438,chelich01,Norris,1995,NHL,n/a
1439,lemiema01,Pearson,1995,NHL,n/a
1440,konstvl01,Plus-Minus,1995,NHL,n/a
1441,konstvl01,Second Team All-Star,1995,NHL,D
1442,leclajo01,Second Team All-Star,1995,NHL,LW
1443,leetcbr01,Second Team All-Star,1995,NHL,D
1444,lindrer01,Second Team All-Star,1995,NHL,C
1445,mogilal01,Second Team All-Star,1995,NHL,RW
1446,osgooch01,Second Team All-Star,1995,NHL,G
1447,fedorse01,Selke,1995,NHL,n/a
1448,careyji01,Vezina,1995,NHL,n/a
1449,berarbr01,All-Rookie,1996,NHL,D
1450,berezse01,All-Rookie,1996,NHL,F
1451,campbji01,All-Rookie,1996,NHL,F
1452,iginlja01,All-Rookie,1996,NHL,F
1453,lalimpa01,All-Rookie,1996,NHL,G
1454,niinija01,All-Rookie,1996,NHL,D
1455,lemiema01,Art Ross,1996,NHL,n/a
1456,berarbr01,Calder,1996,NHL,n/a
1457,vernomi01,Conn Smythe,1996,NHL,n/a
1458,hasekdo01,First Team All-Star,1996,NHL,G
1459,kariypa01,First Team All-Star,1996,NHL,LW
1460,leetcbr01,First Team All-Star,1996,NHL,D
1461,lemiema01,First Team All-Star,1996,NHL,C
1462,ozolisa01,First Team All-Star,1996,NHL,D
1463,selante01,First Team All-Star,1996,NHL,RW
1464,hasekdo01,Hart,1996,NHL,n/a
1465,brodema01,Jennings,1996,NHL,n/a
1466,dunhami01,Jennings,1996,NHL,n/a
1467,lindetr01,King Clancy,1996,NHL,n/a
1468,kariypa01,Lady Byng,1996,NHL,n/a
1469,granato01,Masterton,1996,NHL,n/a
1470,leetcbr01,Norris,1996,NHL,n/a
1471,hasekdo01,Pearson,1996,NHL,n/a
1472,leclajo01,Plus-Minus,1996,NHL,n/a
1473,brodema01,Second Team All-Star,1996,NHL,G
1474,chelich01,Second Team All-Star,1996,NHL,D
1475,gretzwa01,Second Team All-Star,1996,NHL,C
1476,jagrja01,Second Team All-Star,1996,NHL,RW
1477,leclajo01,Second Team All-Star,1996,NHL,LW
1478,stevesc01,Second Team All-Star,1996,NHL,D
1479,pecami01,Selke,1996,NHL,n/a
1480,hasekdo01,Vezina,1996,NHL,n/a
1481,eliaspa01,All-Rookie,1997,NHL,F
1482,johnsmi01,All-Rookie,1997,NHL,F
1483,morride01,All-Rookie,1997,NHL,D
1484,ohlunma01,All-Rookie,1997,NHL,D
1485,samsose01,All-Rookie,1997,NHL,F
1486,storrja01,All-Rookie,1997,NHL,G
1487,jagrja01,Art Ross,1997,NHL,n/a
1488,samsose01,Calder,1997,NHL,n/a
1489,yzermst01,Conn Smythe,1997,NHL,n/a
1490,blakero01,First Team All-Star,1997,NHL,D
1491,forsbpe01,First Team All-Star,1997,NHL,C
1492,hasekdo01,First Team All-Star,1997,NHL,G
1493,jagrja01,First Team All-Star,1997,NHL,RW
1494,leclajo01,First Team All-Star,1997,NHL,LW
1495,lidstni01,First Team All-Star,1997,NHL,D
1496,hasekdo01,Hart,1997,NHL,n/a
1497,brodema01,Jennings,1997,NHL,n/a
1498,chaseke01,King Clancy,1997,NHL,n/a
1499,francro01,Lady Byng,1997,NHL,n/a
1500,mclenja01,Masterton,1997,NHL,n/a
1501,blakero01,Norris,1997,NHL,n/a
1502,hasekdo01,Pearson,1997,NHL,n/a
1503,prongch01,Plus-Minus,1997,NHL,n/a
1504,brodema01,Second Team All-Star,1997,NHL,G
1505,gretzwa01,Second Team All-Star,1997,NHL,C
1506,niedesc01,Second Team All-Star,1997,NHL,D
1507,prongch01,Second Team All-Star,1997,NHL,D
1508,selante01,Second Team All-Star,1997,NHL,RW
1509,tkachke01,Second Team All-Star,1997,NHL,LW
1510,lehtije01,Selke,1997,NHL,n/a
1511,hasekdo01,Vezina,1997,NHL,n/a
1512,drurych01,All-Rookie,1998,NHL,F
1513,hejdumi01,All-Rookie,1998,NHL,F
1514,hossama01,All-Rookie,1998,NHL,F
1515,potito01,All-Rookie,1998,NHL,D
1516,salosa01,All-Rookie,1998,NHL,D
1517,storrja01,All-Rookie,1998,NHL,G
1518,jagrja01,Art Ross,1998,NHL,n/a
1519,drurych01,Calder,1998,NHL,n/a
1520,nieuwjo01,Conn Smythe,1998,NHL,n/a
1521,forsbpe01,First Team All-Star,1998,NHL,C
1522,hasekdo01,First Team All-Star,1998,NHL,G
1523,jagrja01,First Team All-Star,1998,NHL,RW
1524,kariypa01,First Team All-Star,1998,NHL,LW
1525,lidstni01,First Team All-Star,1998,NHL,D
1526,macinal01,First Team All-Star,1998,NHL,D
1527,jagrja01,Hart,1998,NHL,n/a
1528,belfoed01,Jennings,1998,NHL,n/a
1529,turekro01,Jennings,1998,NHL,n/a
1530,rayro01,King Clancy,1998,NHL,n/a
1531,gretzwa01,Lady Byng,1998,NHL,n/a
1532,cullejo01,Masterton,1998,NHL,n/a
1533,macinal01,Norris,1998,NHL,n/a
1534,jagrja01,Pearson,1998,NHL,n/a
1535,leclajo01,Plus-Minus,1998,NHL,n/a
1536,selante01,Richard,1998,NHL,n/a
1537,bourqra01,Second Team All-Star,1998,NHL,D
1538,dafoeby01,Second Team All-Star,1998,NHL,G
1539,desjaer01,Second Team All-Star,1998,NHL,D
1540,leclajo01,Second Team All-Star,1998,NHL,LW
1541,selante01,Second Team All-Star,1998,NHL,RW
1542,yashial01,Second Team All-Star,1998,NHL,C
1543,lehtije01,Selke,1998,NHL,n/a
1544,hasekdo01,Vezina,1998,NHL,n/a
1545,bouchbr01,All-Rookie,1999,NHL,G
1546,gagnesi01,All-Rookie,1999,NHL,F
1547,gomezsc01,All-Rookie,1999,NHL,F
1548,rafalbr01,All-Rookie,1999,NHL,D
1549,stuarbr01,All-Rookie,1999,NHL,D
1550,yorkmi01,All-Rookie,1999,NHL,F
1551,jagrja01,Art Ross,1999,NHL,n/a
1552,gomezsc01,Calder,1999,NHL,n/a
1553,stevesc01,Conn Smythe,1999,NHL,n/a
1554,belfoed01,Crozier,1999,NHL,n/a
1555,jagrja01,First Team All-Star,1999,NHL,RW
1556,kolziol01,First Team All-Star,1999,NHL,G
1557,lidstni01,First Team All-Star,1999,NHL,D
1558,prongch01,First Team All-Star,1999,NHL,D
1559,shanabr01,First Team All-Star,1999,NHL,LW
1560,yzermst01,First Team All-Star,1999,NHL,C
1561,prongch01,Hart,1999,NHL,n/a
1562,turekro01,Jennings,1999,NHL,n/a
1563,josepcu01,King Clancy,1999,NHL,n/a
1564,demitpa01,Lady Byng,1999,NHL,n/a
1565,daneyke01,Masterton,1999,NHL,n/a
1566,prongch01,Norris,1999,NHL,n/a
1567,jagrja01,Pearson,1999,NHL,n/a
1568,prongch01,Plus-Minus,1999,NHL,n/a
1569,burepa01,Richard,1999,NHL,n/a
1570,blakero01,Second Team All-Star,1999,NHL,D
1571,burepa01,Second Team All-Star,1999,NHL,RW
1572,desjaer01,Second Team All-Star,1999,NHL,D
1573,kariypa01,Second Team All-Star,1999,NHL,LW
1574,modanmi01,Second Team All-Star,1999,NHL,C
1575,turekro01,Second Team All-Star,1999,NHL,G
1576,yzermst01,Selke,1999,NHL,n/a
1577,kolziol01,Vezina,1999,NHL,n/a
1578,havlama01,All-Rookie,2000,NHL,F
1579,nabokev01,All-Rookie,2000,NHL,G
1580,richabr01,All-Rookie,2000,NHL,F
1581,visnolu01,All-Rookie,2000,NHL,D
1582,whiteco01,All-Rookie,2000,NHL,D
1583,willish01,All-Rookie,2000,NHL,F
1584,jagrja01,Art Ross,2000,NHL,n/a
1585,nabokev01,Calder,2000,NHL,n/a
1586,roypa01,Conn Smythe,2000,NHL,n/a
1587,turcoma01,Crozier,2000,NHL,n/a
1588,bourqra01,First Team All-Star,2000,NHL,D
1589,eliaspa01,First Team All-Star,2000,NHL,LW
1590,hasekdo01,First Team All-Star,2000,NHL,G
1591,jagrja01,First Team All-Star,2000,NHL,RW
1592,lidstni01,First Team All-Star,2000,NHL,D
1593,sakicjo01,First Team All-Star,2000,NHL,C
1594,sakicjo01,Hart,2000,NHL,n/a
1595,hasekdo01,Jennings,2000,NHL,n/a
1596,podeish01,King Clancy,2000,NHL,n/a
1597,sakicjo01,Lady Byng,2000,NHL,n/a
1598,gravead01,Masterton,2000,NHL,n/a
1599,lidstni01,Norris,2000,NHL,n/a
1600,sakicjo01,Pearson,2000,NHL,n/a
1601,eliaspa01,Plus-Minus,2000,NHL,n/a
1602,sakicjo01,Plus-Minus,2000,NHL,n/a
1603,burepa01,Richard,2000,NHL,n/a
1604,blakero01,Second Team All-Star,2000,NHL,D
1605,burepa01,Second Team All-Star,2000,NHL,RW
1606,cechmro01,Second Team All-Star,2000,NHL,G
1607,lemiema01,Second Team All-Star,2000,NHL,C
1608,robitlu01,Second Team All-Star,2000,NHL,LW
1609,stevesc01,Second Team All-Star,2000,NHL,D
1610,maddejo01,Selke,2000,NHL,n/a
1611,hasekdo01,Vezina,2000,NHL,n/a
1612,blackda01,All-Rookie,2001,NHL,G
1613,boyntni01,All-Rookie,2001,NHL,D
1614,heatlda01,All-Rookie,2001,NHL,F
1615,huselkr01,All-Rookie,2001,NHL,F
1616,kleslro01,All-Rookie,2001,NHL,D
1617,kovalil01,All-Rookie,2001,NHL,F
1618,iginlja01,Art Ross,2001,NHL,n/a
1619,heatlda01,Calder,2001,NHL,n/a
1620,lidstni01,Conn Smythe,2001,NHL,n/a
1621,theodjo01,Crozier,2001,NHL,n/a
1622,chelich01,First Team All-Star,2001,NHL,D
1623,iginlja01,First Team All-Star,2001,NHL,RW
1624,lidstni01,First Team All-Star,2001,NHL,D
1625,nasluma02,First Team All-Star,2001,NHL,LW
1626,roypa01,First Team All-Star,2001,NHL,G
1627,sakicjo01,First Team All-Star,2001,NHL,C
1628,theodjo01,Hart,2001,NHL,n/a
1629,roypa01,Jennings,2001,NHL,n/a
1630,francro01,King Clancy,2001,NHL,n/a
1631,francro01,Lady Byng,2001,NHL,n/a
1632,koivusa01,Masterton,2001,NHL,n/a
1633,lidstni01,Norris,2001,NHL,n/a
1634,iginlja01,Pearson,2001,NHL,n/a
1635,chelich01,Plus-Minus,2001,NHL,n/a
1636,iginlja01,Richard,2001,NHL,n/a
1637,blakero01,Second Team All-Star,2001,NHL,D
1638,gonchse01,Second Team All-Star,2001,NHL,D
1639,gueribi01,Second Team All-Star,2001,NHL,RW
1640,shanabr01,Second Team All-Star,2001,NHL,LW
1641,sundima01,Second Team All-Star,2001,NHL,C
1642,theodjo01,Second Team All-Star,2001,NHL,G
1643,pecami01,Selke,2001,NHL,n/a
1644,theodjo01,Vezina,2001,NHL,n/a
1645,arnasty01,All-Rookie,2002,NHL,F
1646,bouwmja01,All-Rookie,2002,NHL,D
1647,caronse01,All-Rookie,2002,NHL,G
1648,jackmba01,All-Rookie,2002,NHL,D
1649,nashri01,All-Rookie,2002,NHL,F
1650,zettehe01,All-Rookie,2002,NHL,F
1651,forsbpe01,Art Ross,2002,NHL,n/a
1652,jackmba01,Calder,2002,NHL,n/a
1653,gigueje01,Conn Smythe,2002,NHL,n/a
1654,turcoma01,Crozier,2002,NHL,n/a
1655,bertuto01,First Team All-Star,2002,NHL,RW
1656,brodema01,First Team All-Star,2002,NHL,G
1657,forsbpe01,First Team All-Star,2002,NHL,C
1658,lidstni01,First Team All-Star,2002,NHL,D
1659,macinal01,First Team All-Star,2002,NHL,D
1660,nasluma02,First Team All-Star,2002,NHL,LW
1661,forsbpe01,Hart,2002,NHL,n/a
1662,brodema01,Jennings,2002,NHL,n/a
1663,cechmro01,Jennings,2002,NHL,n/a
1664,eschero01,Jennings,2002,NHL,n/a
1665,shanabr01,King Clancy,2002,NHL,n/a
1666,mogilal01,Lady Byng,2002,NHL,n/a
1667,yzermst01,Masterton,2002,NHL,n/a
1668,lidstni01,Norris,2002,NHL,n/a
1669,nasluma02,Pearson,2002,NHL,n/a
1670,forsbpe01,Plus-Minus,2002,NHL,n/a
1671,hejdumi01,Plus-Minus,2002,NHL,n/a
1672,hejdumi01,Richard,2002,NHL,n/a
1673,gonchse01,Second Team All-Star,2002,NHL,D
1674,hatchde01,Second Team All-Star,2002,NHL,D
1675,hejdumi01,Second Team All-Star,2002,NHL,RW
1676,kariypa01,Second Team All-Star,2002,NHL,LW
1677,thornjo01,Second Team All-Star,2002,NHL,C
1678,turcoma01,Second Team All-Star,2002,NHL,G
1679,lehtije01,Selke,2002,NHL,n/a
1680,brodema01,Vezina,2002,NHL,n/a
1681,huntetr01,All-Rookie,2003,NHL,F
1682,lilesjo01,All-Rookie,2003,NHL,D
1683,malonry01,All-Rookie,2003,NHL,F
1684,pitkajo01,All-Rookie,2003,NHL,D
1685,raycran01,All-Rookie,2003,NHL,G
1686,rydermi01,All-Rookie,2003,NHL,F
1687,stlouma01,Art Ross,2003,NHL,n/a
1688,raycran01,Calder,2003,NHL,n/a
1689,richabr01,Conn Smythe,2003,NHL,n/a
1690,rolosdw01,Crozier,2003,NHL,n/a
1691,brodema01,First Team All-Star,2003,NHL,G
1692,charazd01,First Team All-Star,2003,NHL,D
1693,nasluma02,First Team All-Star,2003,NHL,LW
1694,niedesc01,First Team All-Star,2003,NHL,D
1695,sakicjo01,First Team All-Star,2003,NHL,C
1696,stlouma01,First Team All-Star,2003,NHL,RW
1697,stlouma01,Hart,2003,NHL,n/a
1698,brodema01,Jennings,2003,NHL,n/a
1699,iginlja01,King Clancy,2003,NHL,n/a
1700,richabr01,Lady Byng,2003,NHL,n/a
1701,berarbr01,Masterton,2003,NHL,n/a
1702,niedesc01,Norris,2003,NHL,n/a
1703,stlouma01,Pearson,2003,NHL,n/a
1704,malikma01,Plus-Minus,2003,NHL,n/a
1705,stlouma01,Plus-Minus,2003,NHL,n/a
1706,iginlja01,Richard,2003,NHL,n/a
1707,kovalil01,Richard,2003,NHL,n/a
1708,nashri01,Richard,2003,NHL,n/a
1709,iginlja01,Second Team All-Star,2003,NHL,RW
1710,kovalil01,Second Team All-Star,2003,NHL,LW
1711,luongro01,Second Team All-Star,2003,NHL,G
1712,mccabbr01,Second Team All-Star,2003,NHL,D
1713,prongch01,Second Team All-Star,2003,NHL,D
1714,sundima01,Second Team All-Star,2003,NHL,C
1715,drapekr01,Selke,2003,NHL,n/a
1716,brodema01,Vezina,2003,NHL,n/a
1717,boyesbr01,All-Rookie,2005,NHL,F
1718,crosbsi01,All-Rookie,2005,NHL,F
1719,lundqhe01,All-Rookie,2005,NHL,G
1720,meszaan01,All-Rookie,2005,NHL,D
1721,ovechal01,All-Rookie,2005,NHL,F
1722,phanedi01,All-Rookie,2005,NHL,D
1723,thornjo01,Art Ross,2005,NHL,n/a
1724,ovechal01,Calder,2005,NHL,n/a
1725,wardca01,Conn Smythe,2005,NHL,n/a
1726,huetcr01,Crozier,2005,NHL,n/a
1727,jagrja01,First Team All-Star,2005,NHL,RW
1728,kiprumi01,First Team All-Star,2005,NHL,G
1729,lidstni01,First Team All-Star,2005,NHL,D
1730,niedesc01,First Team All-Star,2005,NHL,D
1731,ovechal01,First Team All-Star,2005,NHL,LW
1732,thornjo01,First Team All-Star,2005,NHL,C
1733,thornjo01,Hart,2005,NHL,n/a
1734,kiprumi01,Jennings,2005,NHL,n/a
1735,kolziol01,King Clancy,2005,NHL,n/a
1736,datsypa01,Lady Byng,2005,NHL,n/a
1737,selante01,Masterton,2005,NHL,n/a
1738,lidstni01,Norris,2005,NHL,n/a
1739,jagrja01,Pearson,2005,NHL,n/a
1740,reddewa01,Plus-Minus,2005,NHL,n/a
1741,rozsimi01,Plus-Minus,2005,NHL,n/a
1742,cheecjo01,Richard,2005,NHL,n/a
1743,alfreda01,Second Team All-Star,2005,NHL,RW
1744,brodema01,Second Team All-Star,2005,NHL,G
1745,charazd01,Second Team All-Star,2005,NHL,D
1746,heatlda01,Second Team All-Star,2005,NHL,LW
1747,staaler01,Second Team All-Star,2005,NHL,C
1748,zubovse01,Second Team All-Star,2005,NHL,D
1749,brindro01,Selke,2005,NHL,n/a
1750,kiprumi01,Vezina,2005,NHL,n/a
1751,carlema01,All-Rookie,2006,NHL,D
1752,malkiev01,All-Rookie,2006,NHL,F
1753,smithmi02,All-Rookie,2006,NHL,G
1754,staaljo01,All-Rookie,2006,NHL,F
1755,stastpa01,All-Rookie,2006,NHL,F
1756,vlasima01,All-Rookie,2006,NHL,D
1757,crosbsi01,Art Ross,2006,NHL,n/a
1758,malkiev01,Calder,2006,NHL,n/a
1759,niedesc01,Conn Smythe,2006,NHL,n/a
1760,backsni01,Crozier,2006,NHL,n/a
1761,brodema01,First Team All-Star,2006,NHL,G
1762,crosbsi01,First Team All-Star,2006,NHL,C
1763,heatlda01,First Team All-Star,2006,NHL,RW
1764,lidstni01,First Team All-Star,2006,NHL,D
1765,niedesc01,First Team All-Star,2006,NHL,D
1766,ovechal01,First Team All-Star,2006,NHL,LW
1767,crosbsi01,Hart,2006,NHL,n/a
1768,backsni01,Jennings,2006,NHL,n/a
1769,fernama01,Jennings,2006,NHL,n/a
1770,koivusa01,King Clancy,2006,NHL,n/a
1771,datsypa01,Lady Byng,2006,NHL,n/a
1772,kesseph01,Masterton,2006,NHL,n/a
1773,chelich01,Messier,2006,NHL,n/a
1774,lidstni01,Norris,2006,NHL,n/a
1775,crosbsi01,Pearson,2006,NHL,n/a
1776,vanekth01,Plus-Minus,2006,NHL,n/a
1777,lecavvi01,Richard,2006,NHL,n/a
1778,boyleda01,Second Team All-Star,2006,NHL,D
1779,lecavvi01,Second Team All-Star,2006,NHL,C
1780,luongro01,Second Team All-Star,2006,NHL,G
1781,prongch01,Second Team All-Star,2006,NHL,D
1782,stlouma01,Second Team All-Star,2006,NHL,RW
1783,vanekth01,Second Team All-Star,2006,NHL,LW
1784,brindro01,Selke,2006,NHL,n/a
1785,brodema01,Vezina,2006,NHL,n/a
1786,backsni02,All-Rookie,2007,NHL,F
1787,enstrto01,All-Rookie,2007,NHL,D
1788,gilbeto01,All-Rookie,2007,NHL,D
1789,kanepa01,All-Rookie,2007,NHL,F
1790,priceca01,All-Rookie,2007,NHL,G
1791,toewsjo01,All-Rookie,2007,NHL,F
1792,ovechal01,Art Ross,2007,NHL,n/a
1793,kanepa01,Calder,2007,NHL,n/a
1794,zettehe01,Conn Smythe,2007,NHL,n/a
1795,ellisda01,Crozier,2007,NHL,n/a
1796,iginlja01,First Team All-Star,2007,NHL,RW
1797,lidstni01,First Team All-Star,2007,NHL,D
1798,malkiev01,First Team All-Star,2007,NHL,C
1799,nabokev01,First Team All-Star,2007,NHL,G
1800,ovechal01,First Team All-Star,2007,NHL,LW
1801,phanedi01,First Team All-Star,2007,NHL,D
1802,ovechal01,Hart,2007,NHL,n/a
1803,hasekdo01,Jennings,2007,NHL,n/a
1804,osgooch01,Jennings,2007,NHL,n/a
1805,lecavvi01,King Clancy,2007,NHL,n/a
1806,datsypa01,Lady Byng,2007,NHL,n/a
1807,blakeja01,Masterton,2007,NHL,n/a
1808,sundima01,Messier,2007,NHL,n/a
1809,lidstni01,Norris,2007,NHL,n/a
1810,ovechal01,Pearson,2007,NHL,n/a
1811,datsypa01,Plus-Minus,2007,NHL,n/a
1812,ovechal01,Richard,2007,NHL,n/a
1813,brodema01,Second Team All-Star,2007,NHL,G
1814,campbbr02,Second Team All-Star,2007,NHL,D
1815,charazd01,Second Team All-Star,2007,NHL,D
1816,kovalal01,Second Team All-Star,2007,NHL,RW
1817,thornjo01,Second Team All-Star,2007,NHL,C
1818,zettehe01,Second Team All-Star,2007,NHL,LW
1819,datsypa01,Selke,2007,NHL,n/a
1820,brodema01,Vezina,2007,NHL,n/a
1821,berglpa01,All-Rookie,2008,NHL,F
1822,doughdr01,All-Rookie,2008,NHL,D
1823,masonst01,All-Rookie,2008,NHL,G
1824,ryanbo01,All-Rookie,2008,NHL,F
1825,schenlu01,All-Rookie,2008,NHL,D
1826,verstkr01,All-Rookie,2008,NHL,F
1827,malkiev01,Art Ross,2008,NHL,n/a
1828,masonst01,Calder,2008,NHL,n/a
1829,malkiev01,Conn Smythe,2008,NHL,n/a
1830,thomati01,Crozier,2008,NHL,n/a
1831,charazd01,First Team All-Star,2008,NHL,D
1832,greenmi03,First Team All-Star,2008,NHL,D
1833,iginlja01,First Team All-Star,2008,NHL,RW
1834,malkiev01,First Team All-Star,2008,NHL,C
1835,ovechal01,First Team All-Star,2008,NHL,LW
1836,thomati01,First Team All-Star,2008,NHL,G
1837,ovechal01,Hart,2008,NHL,n/a
1838,fernama01,Jennings,2008,NHL,n/a
1839,thomati01,Jennings,2008,NHL,n/a
1840,moreaet01,King Clancy,2008,NHL,n/a
1841,datsypa01,Lady Byng,2008,NHL,n/a
1842,sullist01,Masterton,2008,NHL,n/a
1843,iginlja01,Messier,2008,NHL,n/a
1844,charazd01,Norris,2008,NHL,n/a
1845,ovechal01,Pearson,2008,NHL,n/a
1846,krejcda01,Plus-Minus,2008,NHL,n/a
1847,ovechal01,Richard,2008,NHL,n/a
1848,boyleda01,Second Team All-Star,2008,NHL,D
1849,datsypa01,Second Team All-Star,2008,NHL,C
1850,hossama01,Second Team All-Star,2008,NHL,RW
1851,lidstni01,Second Team All-Star,2008,NHL,D
1852,masonst01,Second Team All-Star,2008,NHL,G
1853,parisza01,Second Team All-Star,2008,NHL,LW
1854,datsypa01,Selke,2008,NHL,n/a
1855,thomati01,Vezina,2008,NHL,n/a
1856,bergfni01,All-Rookie,2009,NHL,F
1857,delzomi01,All-Rookie,2009,NHL,D
1858,duchema01,All-Rookie,2009,NHL,F
1859,howarji01,All-Rookie,2009,NHL,G
1860,myersty01,All-Rookie,2009,NHL,D
1861,tavarjo01,All-Rookie,2009,NHL,F
1862,sedinhe01,Art Ross,2009,NHL,n/a
1863,myersty01,Calder,2009,NHL,n/a
1864,toewsjo01,Conn Smythe,2009,NHL,n/a
1865,rasktu01,Crozier,2009,NHL,n/a
1866,greenmi03,First Team All-Star,2009,NHL,D
1867,kanepa01,First Team All-Star,2009,NHL,RW
1868,keithdu01,First Team All-Star,2009,NHL,D
1869,millery01,First Team All-Star,2009,NHL,G
1870,ovechal01,First Team All-Star,2009,NHL,LW
1871,sedinhe01,First Team All-Star,2009,NHL,C
1872,sedinhe01,Hart,2009,NHL,n/a
1873,brodema01,Jennings,2009,NHL,n/a
1874,doansh01,King Clancy,2009,NHL,n/a
1875,stlouma01,Lady Byng,2009,NHL,n/a
1876,ovechal01,Lindsay,2009,NHL,n/a
1877,theodjo01,Masterton,2009,NHL,n/a
1878,crosbsi01,Messier,2009,NHL,n/a
1879,keithdu01,Norris,2009,NHL,n/a
1880,schulje02,Plus-Minus,2009,NHL,n/a
1881,crosbsi01,Richard,2009,NHL,n/a
1882,stamkst01,Richard,2009,NHL,n/a
1883,bryzgil01,Second Team All-Star,2009,NHL,G
1884,crosbsi01,Second Team All-Star,2009,NHL,C
1885,doughdr01,Second Team All-Star,2009,NHL,D
1886,lidstni01,Second Team All-Star,2009,NHL,D
1887,sedinda01,Second Team All-Star,2009,NHL,LW
1888,stlouma01,Second Team All-Star,2009,NHL,RW
1889,datsypa01,Selke,2009,NHL,n/a
1890,millery01,Vezina,2009,NHL,n/a
1891,carlsjo01,All-Rookie,2010,NHL,D
1892,coutulo01,All-Rookie,2010,NHL,F
1893,crawfco01,All-Rookie,2010,NHL,G
1894,grabnmi01,All-Rookie,2010,NHL,F
1895,skinnje01,All-Rookie,2010,NHL,F
1896,subbapk01,All-Rookie,2010,NHL,D
1897,sedinda01,Art Ross,2010,NHL,n/a
1898,skinnje01,Calder,2010,NHL,n/a
1899,thomati01,Conn Smythe,2010,NHL,n/a
1900,thomati01,Crozier,2010,NHL,n/a
1901,lidstni01,First Team All-Star,2010,NHL,D
1902,perryco01,First Team All-Star,2010,NHL,RW
1903,sedinda01,First Team All-Star,2010,NHL,LW
1904,sedinhe01,First Team All-Star,2010,NHL,C
1905,thomati01,First Team All-Star,2010,NHL,G
1906,webersh01,First Team All-Star,2010,NHL,D
1907,perryco01,Hart,2010,NHL,n/a
1908,luongro01,Jennings,2010,NHL,n/a
1909,schneco01,Jennings,2010,NHL,n/a
1910,weighdo01,King Clancy,2010,NHL,n/a
1911,stlouma01,Lady Byng,2010,NHL,n/a
1912,sedinda01,Lindsay,2010,NHL,n/a
1913,laperia01,Masterton,2010,NHL,n/a
1914,charazd01,Messier,2010,NHL,n/a
1915,lidstni01,Norris,2010,NHL,n/a
1916,charazd01,Plus-Minus,2010,NHL,n/a
1917,perryco01,Richard,2010,NHL,n/a
1918,charazd01,Second Team All-Star,2010,NHL,D
1919,ovechal01,Second Team All-Star,2010,NHL,LW
1920,rinnepe01,Second Team All-Star,2010,NHL,G
1921,stamkst01,Second Team All-Star,2010,NHL,C
1922,stlouma01,Second Team All-Star,2010,NHL,RW
1923,visnolu01,Second Team All-Star,2010,NHL,D
1924,keslery01,Selke,2010,NHL,n/a
1925,thomati01,Vezina,2010,NHL,n/a
1926,enrotjh01,All-Rookie,2011,NHL,G
1927,faulkju01,All-Rookie,2011,NHL,D
1928,gardija01,All-Rookie,2011,NHL,D
1929,henriad01,All-Rookie,2011,NHL,F
1930,landega01,All-Rookie,2011,NHL,F
1931,nugenry01,All-Rookie,2011,NHL,F
1932,malkiev01,Art Ross,2011,NHL,n/a
1933,landega01,Calder,2011,NHL,n/a
1934,quickjo01,Conn Smythe,2011,NHL,n/a
1935,elliobr01,Crozier,2011,NHL,n/a
1936,karlser01,First Team All-Star,2011,NHL,D
1937,kovalil01,First Team All-Star,2011,NHL,LW
1938,lundqhe01,First Team All-Star,2011,NHL,G
1939,malkiev01,First Team All-Star,2011,NHL,C
1940,nealja01,First Team All-Star,2011,NHL,RW
1941,webersh01,First Team All-Star,2011,NHL,D
1942,malkiev01,Hart,2011,NHL,n/a
1943,elliobr01,Jennings,2011,NHL,n/a
1944,halakja01,Jennings,2011,NHL,n/a
1945,alfreda01,King Clancy,2011,NHL,n/a
1946,campbbr02,Lady Byng,2011,NHL,n/a
1947,malkiev01,Lindsay,2011,NHL,n/a
1948,pacioma01,Masterton,2011,NHL,n/a
1949,doansh01,Messier,2011,NHL,n/a
1950,karlser01,Norris,2011,NHL,n/a
1951,bergepa01,Plus-Minus,2011,NHL,n/a
1952,stamkst01,Richard,2011,NHL,n/a
1953,charazd01,Second Team All-Star,2011,NHL,D
1954,gaborma01,Second Team All-Star,2011,NHL,RW
1955,pietral01,Second Team All-Star,2011,NHL,D
1956,quickjo01,Second Team All-Star,2011,NHL,G
1957,stamkst01,Second Team All-Star,2011,NHL,C
1958,whitnra01,Second Team All-Star,2011,NHL,LW
1959,bergepa01,Selke,2011,NHL,n/a
1960,lundqhe01,Vezina,2011,NHL,n/a
1961,hullbo01,Davidson,1972,WHA,n/a
1962,hampste01,Deneau,1972,WHA,n/a
1963,cheevge01,First Team All-Star,1972,WHA,G
1964,hullbo01,First Team All-Star,1972,WHA,LW
1965,lacroan01,First Team All-Star,1972,WHA,C
1966,lawsoda01,First Team All-Star,1972,WHA,RW
1967,shmyrpa01,First Team All-Star,1972,WHA,D
1968,trembjc01,First Team All-Star,1972,WHA,D
1969,cheevge01,Hatskin,1972,WHA,n/a
1970,lacroan01,Hunter,1972,WHA,n/a
1971,caffete01,Kaplan,1972,WHA,n/a
1972,trembjc01,Murphy,1972,WHA,n/a
1973,doreyji01,Second Team All-Star,1972,WHA,D
1974,hornula01,Second Team All-Star,1972,WHA,D
1975,jarrega01,Second Team All-Star,1972,WHA,LW
1976,parenbe01,Second Team All-Star,1972,WHA,G
1977,wardro01,Second Team All-Star,1972,WHA,C
1978,webstto01,Second Team All-Star,1972,WHA,RW
1979,howego01,Davidson,1973,WHA,n/a
1980,backsra01,Deneau,1973,WHA,n/a
1981,howego01,First Team All-Star,1973,WHA,RW
1982,hullbo01,First Team All-Star,1973,WHA,LW
1983,lacroan01,First Team All-Star,1973,WHA,C
1984,mcleodo01,First Team All-Star,1973,WHA,G
1985,shmyrpa01,First Team All-Star,1973,WHA,D
1986,staplpa01,First Team All-Star,1973,WHA,D
1987,mcleodo01,Hatskin,1973,WHA,n/a
1988,waltomi01,Hunter,1973,WHA,n/a
1989,howema01,Kaplan,1973,WHA,n/a
1990,staplpa01,Murphy,1973,WHA,n/a
1991,carlewa01,Second Team All-Star,1973,WHA,C
1992,cheevge01,Second Team All-Star,1973,WHA,G
1993,hamilal01,Second Team All-Star,1973,WHA,D
1994,howema01,Second Team All-Star,1973,WHA,LW
1995,trembjc01,Second Team All-Star,1973,WHA,D
1996,waltomi01,Second Team All-Star,1973,WHA,RW
1997,rogermi01,Deneau,1974,WHA,n/a
1998,graharo02,First Team All-Star,1974,WHA,G
1999,howego01,First Team All-Star,1974,WHA,RW
2000,hullbo01,First Team All-Star,1974,WHA,LW
2001,lacroan01,First Team All-Star,1974,WHA,C
2002,morrike01,First Team All-Star,1974,WHA,D
2003,trembjc01,First Team All-Star,1974,WHA,D
2004,graharo02,Hatskin,1974,WHA,n/a
2005,hullbo01,Howe,1974,WHA,n/a
2006,lacroan01,Hunter,1974,WHA,n/a
2007,hedbean01,Kaplan,1974,WHA,n/a
2008,trembjc01,Murphy,1974,WHA,n/a
2009,graharo02,Playoff MVP,1974,WHA,n/a
2010,bernise01,Second Team All-Star,1974,WHA,C
2011,cheevge01,Second Team All-Star,1974,WHA,G
2012,hedbean01,Second Team All-Star,1974,WHA,RW
2013,longba01,Second Team All-Star,1974,WHA,D
2014,popiepo01,Second Team All-Star,1974,WHA,D
2015,tardima01,Second Team All-Star,1974,WHA,LW
2016,nedomva01,Deneau,1975,WHA,n/a
2017,daleyjo01,First Team All-Star,1975,WHA,G
2018,hedbean01,First Team All-Star,1975,WHA,RW
2019,nilssul01,First Team All-Star,1975,WHA,C
2020,shmyrpa01,First Team All-Star,1975,WHA,D
2021,tardima01,First Team All-Star,1975,WHA,LW
2022,trembjc01,First Team All-Star,1975,WHA,D
2023,dionmi01,Hatskin,1975,WHA,n/a
2024,tardima01,Howe,1975,WHA,n/a
2025,tardima01,Hunter,1975,WHA,n/a
2026,napiema01,Kaplan,1975,WHA,n/a
2027,shmyrpa01,Murphy,1975,WHA,n/a
2028,nilssul01,Playoff MVP,1975,WHA,n/a
2029,cloutre01,Second Team All-Star,1975,WHA,RW
2030,ftorero01,Second Team All-Star,1975,WHA,C
2031,graharo02,Second Team All-Star,1975,WHA,G
2032,hullbo01,Second Team All-Star,1975,WHA,LW
2033,morrike01,Second Team All-Star,1975,WHA,D
2034,staplpa01,Second Team All-Star,1975,WHA,D
2035,keonda01,Deneau,1976,WHA,n/a
2036,ftorero01,First Team All-Star,1976,WHA,C
2037,garrejo01,First Team All-Star,1976,WHA,G
2038,hedbean01,First Team All-Star,1976,WHA,RW
2039,plumbro01,First Team All-Star,1976,WHA,D
2040,popiepo01,First Team All-Star,1976,WHA,D
2041,tardima01,First Team All-Star,1976,WHA,LW
2042,graharo02,Hatskin,1976,WHA,n/a
2043,ftorero01,Howe,1976,WHA,n/a
2044,cloutre01,Hunter,1976,WHA,n/a
2045,lylege01,Kaplan,1976,WHA,n/a
2046,plumbro01,Murphy,1976,WHA,n/a
2047,bernise01,Playoff MVP,1976,WHA,n/a
2048,antonmi01,Second Team All-Star,1976,WHA,LW
2049,cloutre01,Second Team All-Star,1976,WHA,RW
2050,daleyjo01,Second Team All-Star,1976,WHA,G
2051,hoganda01,Second Team All-Star,1976,WHA,D
2052,leducri01,Second Team All-Star,1976,WHA,C
2053,staplpa01,Second Team All-Star,1976,WHA,D
2054,keonda01,Deneau,1977,WHA,n/a
2055,hamilal01,First Team All-Star,1977,WHA,D
2056,hedbean01,First Team All-Star,1977,WHA,RW
2057,nilssul01,First Team All-Star,1977,WHA,C
2058,sjobela01,First Team All-Star,1977,WHA,D
2059,smithal02,First Team All-Star,1977,WHA,G
2060,tardima01,First Team All-Star,1977,WHA,LW
2061,smithal02,Hatskin,1977,WHA,n/a
2062,tardima01,Howe,1977,WHA,n/a
2063,tardima01,Hunter,1977,WHA,n/a
2064,nilsske01,Kaplan,1977,WHA,n/a
2065,sjobela01,Murphy,1977,WHA,n/a
2066,guindbo01,Playoff MVP,1977,WHA,n/a
2067,cloutre01,Second Team All-Star,1977,WHA,RW
2068,ftorero01,Second Team All-Star,1977,WHA,C
2069,hullbo01,Second Team All-Star,1977,WHA,LW
2070,leyri01,Second Team All-Star,1977,WHA,D
2071,longba01,Second Team All-Star,1977,WHA,D
2072,wakeler01,Second Team All-Star,1977,WHA,G
2073,nilsske01,Deneau,1978,WHA,n/a
2074,cloutre01,First Team All-Star,1978,WHA,RW
2075,drydeda01,First Team All-Star,1978,WHA,G
2076,ftorero01,First Team All-Star,1978,WHA,C
2077,howema01,First Team All-Star,1978,WHA,LW
2078,leyri01,First Team All-Star,1978,WHA,D
2079,ramagro01,First Team All-Star,1978,WHA,D
2080,drydeda01,Hatskin,1978,WHA,n/a
2081,drydeda01,Howe,1978,WHA,n/a
2082,cloutre01,Hunter,1978,WHA,n/a
2083,gretzwa01,Kaplan,1978,WHA,n/a
2084,leyri01,Murphy,1978,WHA,n/a
2085,prestri01,Playoff MVP,1978,WHA,n/a
2086,broderi01,Second Team All-Star,1978,WHA,G
2087,gretzwa01,Second Team All-Star,1978,WHA,C
2088,langeda01,Second Team All-Star,1978,WHA,D
2089,lukowmo01,Second Team All-Star,1978,WHA,LW
2090,macdobl01,Second Team All-Star,1978,WHA,RW
2091,shmyrpa01,Second Team All-Star,1978,WHA,D
